economy_id,hunter_id,money,fame,items_collected,transaction_date
ECON14018,1,4983,54,"Boots, Armor",2025-03-28 09:23:09.609907
ECON21997,2,3790,43,"Armor, Health Potion, Weapon",2025-04-08 09:23:09.609949
ECON37892,3,3088,28,"Boots, Map, Armor",2025-04-05 09:23:09.609964
ECON41453,4,2447,45,"Health Potion, Armor",2025-03-31 09:23:09.609976
ECON54222,5,688,11,"Health Potion, Armor",2025-04-14 09:23:09.609987
ECON64248,6,4852,63,"Armor, Boots, Weapon",2025-04-01 09:23:09.609998
ECON71201,7,2362,88,"Boots, Health Potion, Weapon",2025-04-18 09:23:09.610008
ECON81831,8,1837,93,"Weapon, Health Potion, Boots",2025-03-31 09:23:09.610018
ECON92231,9,2102,7,"Map, Armor",2025-03-29 09:23:09.610028
ECON103172,10,3418,46,"Weapon, Boots, Map",2025-04-19 09:23:09.610038
ECON115204,11,996,27,Boots,2025-04-16 09:23:09.610047
ECON127437,12,2962,36,Map,2025-03-30 09:23:09.610057
ECON139865,13,1248,68,Health Potion,2025-04-14 09:23:09.610065
ECON144518,14,2513,96,"Armor, Weapon, Health Potion",2025-04-20 09:23:09.610074
ECON157826,15,2326,58,Boots,2025-03-30 09:23:09.610085
ECON169833,16,3718,11,Map,2025-04-02 09:23:09.610094
ECON177017,17,4205,47,"Map, Weapon, Armor",2025-03-22 09:23:09.610103
ECON187560,18,4730,45,"Map, Armor",2025-03-24 09:23:09.610112
ECON194924,19,4683,9,Map,2025-04-05 09:23:09.610121
ECON209396,20,3197,16,"Weapon, Armor, Boots",2025-04-07 09:23:09.610137
ECON216429,21,1417,4,"Armor, Health Potion",2025-03-25 09:23:09.610149
ECON227664,22,2888,69,"Health Potion, Armor",2025-03-29 09:23:09.610159
ECON239082,23,3231,60,"Map, Boots, Weapon",2025-03-25 09:23:09.610168
ECON244510,24,1391,10,Armor,2025-04-03 09:23:09.610176
ECON255370,25,3045,69,"Armor, Boots, Map",2025-04-04 09:23:09.610185
ECON265654,26,4836,28,"Weapon, Map",2025-03-29 09:23:09.610195
ECON274886,27,1764,35,Health Potion,2025-03-30 09:23:09.610204
ECON282141,28,4561,78,"Boots, Map, Health Potion",2025-03-22 09:23:09.610213
ECON296700,29,3374,83,Health Potion,2025-04-18 09:23:09.610221
ECON303285,30,1610,21,"Health Potion, Map",2025-04-18 09:23:09.610230
ECON317441,31,2590,37,"Armor, Boots, Weapon",2025-04-04 09:23:09.610240
ECON323802,32,1417,21,Map,2025-04-14 09:23:09.610261
ECON336282,33,3699,75,"Boots, Map",2025-03-27 09:23:09.610279
ECON344936,34,4254,10,"Health Potion, Armor, Weapon",2025-03-27 09:23:09.610297
ECON358142,35,3715,35,"Weapon, Boots",2025-04-05 09:23:09.610313
ECON365698,36,1872,39,Map,2025-04-12 09:23:09.610328
ECON371806,37,602,78,"Map, Weapon, Armor",2025-04-18 09:23:09.610345
ECON388449,38,3944,79,Map,2025-04-18 09:23:09.610360
ECON391849,39,1618,31,"Health Potion, Weapon, Map",2025-04-13 09:23:09.610378
ECON406095,40,4605,7,"Health Potion, Weapon, Armor",2025-04-06 09:23:09.610393
ECON415145,41,4821,35,"Armor, Health Potion, Boots",2025-04-01 09:23:09.610403
ECON422812,42,2840,9,"Boots, Weapon",2025-03-22 09:23:09.610412
ECON435475,43,4819,80,"Map, Armor",2025-03-28 09:23:09.610421
ECON447944,44,982,70,"Boots, Health Potion",2025-03-29 09:23:09.610431
ECON457795,45,1522,56,Map,2025-03-23 09:23:09.610439
ECON465115,46,4906,29,"Boots, Health Potion, Armor",2025-04-17 09:23:09.610448
ECON472588,47,2654,70,Health Potion,2025-04-11 09:23:09.610457
ECON489531,48,3732,22,"Armor, Boots, Map",2025-03-27 09:23:09.610466
ECON497625,49,2750,40,"Armor, Map",2025-04-07 09:23:09.610475
ECON503231,50,3119,93,"Map, Weapon, Boots",2025-04-19 09:23:09.610485
ECON514265,51,3089,6,"Health Potion, Armor",2025-03-26 09:23:09.610494
ECON524341,52,1920,16,Health Potion,2025-04-20 09:23:09.610502
ECON537969,53,4607,28,"Map, Boots",2025-03-26 09:23:09.610511
ECON543099,54,1960,40,"Weapon, Boots",2025-03-25 09:23:09.610524
ECON557784,55,2968,12,Map,2025-03-24 09:23:09.610532
ECON563818,56,2220,90,Weapon,2025-04-08 09:23:09.610541
ECON574505,57,3365,24,Boots,2025-03-30 09:23:09.610551
ECON581344,58,1157,13,Armor,2025-03-25 09:23:09.610560
ECON596773,59,1385,35,"Health Potion, Weapon",2025-04-12 09:23:09.610571
ECON604726,60,2077,50,"Map, Health Potion, Weapon",2025-04-12 09:23:09.610583
ECON617772,61,4644,8,"Weapon, Boots",2025-04-03 09:23:09.610596
ECON629033,62,3438,43,"Armor, Health Potion, Weapon",2025-04-16 09:23:09.610605
ECON639551,63,2994,93,"Weapon, Armor",2025-03-24 09:23:09.610615
ECON646857,64,2646,60,"Boots, Armor, Weapon",2025-04-10 09:23:09.610624
ECON655902,65,3460,31,Boots,2025-03-27 09:23:09.610633
ECON669714,66,1544,41,"Health Potion, Weapon, Boots",2025-04-15 09:23:09.610644
ECON676117,67,2303,88,Armor,2025-03-28 09:23:09.610652
ECON686308,68,1917,86,Boots,2025-04-01 09:23:09.610661
ECON699086,69,1112,39,"Weapon, Armor",2025-03-29 09:23:09.610670
ECON703672,70,2928,55,Map,2025-04-17 09:23:09.610678
ECON711427,71,4866,25,Weapon,2025-03-29 09:23:09.610686
ECON726941,72,1238,75,"Weapon, Map, Armor",2025-04-18 09:23:09.610695
ECON737301,73,3646,2,Weapon,2025-03-27 09:23:09.610704
ECON749763,74,4978,32,"Boots, Armor",2025-03-27 09:23:09.610713
ECON751635,75,3319,64,"Health Potion, Boots",2025-03-21 09:23:09.610722
ECON764893,76,3721,31,"Boots, Health Potion",2025-03-27 09:23:09.610733
ECON773968,77,1332,24,Weapon,2025-03-21 09:23:09.610742
ECON785345,78,3604,71,Boots,2025-03-27 09:23:09.610752
ECON792200,79,1160,25,"Weapon, Boots, Map",2025-04-08 09:23:09.610764
ECON806661,80,919,95,"Health Potion, Armor",2025-04-14 09:23:09.610774
ECON818215,81,3337,1,Health Potion,2025-04-08 09:23:09.610783
ECON826343,82,3227,56,Armor,2025-04-18 09:23:09.610791
ECON837747,83,4104,38,"Map, Armor",2025-03-23 09:23:09.610800
ECON844032,84,934,79,Weapon,2025-03-24 09:23:09.610808
ECON859727,85,2764,44,Weapon,2025-03-24 09:23:09.610816
ECON863593,86,1472,90,Boots,2025-03-28 09:23:09.610824
ECON878217,87,1611,84,"Health Potion, Map, Boots",2025-04-12 09:23:09.610834
ECON889813,88,1783,43,Weapon,2025-03-22 09:23:09.610842
ECON891361,89,3722,70,"Weapon, Boots, Map",2025-04-12 09:23:09.610852
ECON908347,90,985,7,"Map, Weapon, Armor",2025-04-14 09:23:09.610862
ECON911189,91,3152,7,"Boots, Health Potion",2025-03-22 09:23:09.610870
ECON927555,92,845,99,"Armor, Weapon, Health Potion",2025-04-11 09:23:09.610880
ECON933650,93,2689,79,"Map, Weapon, Health Potion",2025-03-24 09:23:09.610892
ECON941452,94,2650,13,"Weapon, Map",2025-04-01 09:23:09.610902
ECON955988,95,3770,68,"Health Potion, Map, Armor",2025-04-10 09:23:09.610911
ECON969661,96,1671,38,"Health Potion, Armor, Map",2025-04-09 09:23:09.610921
ECON975802,97,1119,76,"Boots, Armor",2025-03-26 09:23:09.610930
ECON981381,98,4190,61,"Boots, Armor, Weapon",2025-04-02 09:23:09.610942
ECON995130,99,3879,26,"Health Potion, Boots",2025-03-23 09:23:09.610951
ECON1005879,100,3397,27,"Health Potion, Boots, Armor",2025-03-30 09:23:09.610960
ECON1019182,101,3124,68,"Map, Boots, Health Potion",2025-04-10 09:23:09.610970
ECON1025874,102,1136,13,"Armor, Weapon",2025-04-11 09:23:09.610981
ECON1036158,103,1716,18,Map,2025-04-07 09:23:09.610990
ECON1048260,104,3880,99,"Weapon, Armor, Health Potion",2025-04-08 09:23:09.611000
ECON1053979,105,3492,2,"Map, Armor, Weapon",2025-04-16 09:23:09.611009
ECON1065651,106,4623,66,"Armor, Map, Weapon",2025-03-30 09:23:09.611019
ECON1073509,107,1796,95,Map,2025-03-29 09:23:09.611028
ECON1087319,108,3053,78,"Armor, Weapon",2025-04-03 09:23:09.611037
ECON1099247,109,2576,37,Weapon,2025-04-14 09:23:09.611045
ECON1104531,110,2375,61,"Map, Weapon",2025-04-10 09:23:09.611055
ECON1112829,111,2117,95,Map,2025-04-02 09:23:09.611063
ECON1123473,112,1660,88,"Armor, Boots, Health Potion",2025-04-19 09:23:09.611072
ECON1136390,113,2959,54,"Armor, Health Potion",2025-04-01 09:23:09.611082
ECON1146274,114,540,100,"Weapon, Health Potion, Map",2025-04-20 09:23:09.611092
ECON1153526,115,4512,95,"Boots, Weapon",2025-04-07 09:23:09.611101
ECON1166956,116,4335,8,Map,2025-03-26 09:23:09.611109
ECON1173434,117,1868,36,Map,2025-03-24 09:23:09.611118
ECON1185514,118,2450,11,"Health Potion, Weapon, Armor",2025-04-05 09:23:09.611130
ECON1198828,119,2980,19,"Weapon, Armor",2025-03-29 09:23:09.611139
ECON1201339,120,4101,85,"Boots, Map, Armor",2025-03-26 09:23:09.611150
ECON1216708,121,2150,65,Health Potion,2025-04-06 09:23:09.611159
ECON1222832,122,1693,17,"Health Potion, Armor, Boots",2025-03-29 09:23:09.611168
ECON1234722,123,1054,55,"Map, Boots",2025-04-15 09:23:09.611178
ECON1241367,124,3041,96,Armor,2025-03-24 09:23:09.611186
ECON1255874,125,3446,81,"Health Potion, Armor, Map",2025-03-28 09:23:09.611195
ECON1266731,126,1700,25,Weapon,2025-03-27 09:23:09.611203
ECON1276538,127,2635,92,Health Potion,2025-04-19 09:23:09.611212
ECON1287179,128,2486,34,"Boots, Armor",2025-03-26 09:23:09.611221
ECON1293212,129,2076,49,Health Potion,2025-03-22 09:23:09.611233
ECON1308433,130,2767,75,"Weapon, Map, Health Potion",2025-03-28 09:23:09.611244
ECON1312778,131,961,47,"Weapon, Boots, Map",2025-04-03 09:23:09.611253
ECON1322163,132,908,63,Health Potion,2025-03-30 09:23:09.611262
ECON1334010,133,3194,7,Armor,2025-03-23 09:23:09.611270
ECON1343491,134,4999,91,"Armor, Health Potion",2025-04-11 09:23:09.611279
ECON1351081,135,3103,56,Boots,2025-03-24 09:23:09.611288
ECON1366549,136,4589,1,"Health Potion, Weapon, Armor",2025-04-15 09:23:09.611297
ECON1372947,137,2442,7,Map,2025-04-06 09:23:09.611308
ECON1384063,138,3639,17,"Weapon, Health Potion",2025-03-24 09:23:09.611317
ECON1399842,139,3058,42,"Health Potion, Map",2025-04-11 09:23:09.611326
ECON1408620,140,4235,81,"Armor, Weapon, Boots",2025-03-30 09:23:09.611335
ECON1414557,141,3778,23,"Boots, Weapon",2025-04-06 09:23:09.611344
ECON1427642,142,1870,67,Armor,2025-04-16 09:23:09.611352
ECON1437608,143,597,56,"Boots, Health Potion, Armor",2025-04-07 09:23:09.611361
ECON1448904,144,4843,38,"Weapon, Boots, Health Potion",2025-03-24 09:23:09.611371
ECON1459780,145,2335,17,Armor,2025-04-05 09:23:09.611382
ECON1462810,146,3061,64,"Weapon, Health Potion, Map",2025-03-28 09:23:09.611391
ECON1479789,147,3202,57,"Health Potion, Armor",2025-04-19 09:23:09.611400
ECON1485003,148,1455,64,"Weapon, Map",2025-04-10 09:23:09.611409
ECON1492951,149,1626,8,"Map, Armor",2025-04-19 09:23:09.611418
ECON1509839,150,4443,93,"Boots, Armor",2025-03-26 09:23:09.611428
ECON1518540,151,1590,21,"Weapon, Health Potion",2025-04-14 09:23:09.611436
ECON1524009,152,2833,62,"Armor, Boots, Weapon",2025-04-11 09:23:09.611445
ECON1538956,153,2879,82,"Map, Health Potion, Armor",2025-04-08 09:23:09.611455
ECON1549200,154,3369,76,Weapon,2025-04-20 09:23:09.611467
ECON1555240,155,3463,12,"Armor, Health Potion",2025-03-22 09:23:09.611476
ECON1565737,156,1558,28,Boots,2025-04-01 09:23:09.611484
ECON1572560,157,2144,36,"Health Potion, Boots",2025-04-06 09:23:09.611496
ECON1581656,158,2413,98,"Boots, Weapon, Health Potion",2025-03-25 09:23:09.611506
ECON1597620,159,4662,63,"Map, Armor",2025-04-15 09:23:09.611514
ECON1603060,160,509,43,"Boots, Map",2025-03-31 09:23:09.611523
ECON1617639,161,1225,85,"Health Potion, Boots",2025-03-26 09:23:09.611533
ECON1625747,162,1697,97,Boots,2025-04-13 09:23:09.611541
ECON1632453,163,527,93,"Boots, Armor, Map",2025-04-09 09:23:09.611550
ECON1644385,164,842,87,"Health Potion, Weapon",2025-04-03 09:23:09.611559
ECON1656419,165,4697,95,"Boots, Map",2025-04-04 09:23:09.611568
ECON1662185,166,1948,19,"Map, Boots, Weapon",2025-03-28 09:23:09.611577
ECON1674071,167,2243,4,Armor,2025-03-26 09:23:09.611586
ECON1683437,168,923,91,Armor,2025-03-21 09:23:09.611595
ECON1692417,169,880,61,"Armor, Boots",2025-04-18 09:23:09.611604
ECON1708619,170,1281,33,Weapon,2025-03-30 09:23:09.611612
ECON1716031,171,2962,69,Map,2025-03-29 09:23:09.611621
ECON1728613,172,2111,39,"Boots, Map",2025-03-25 09:23:09.611629
ECON1738892,173,3461,14,"Boots, Health Potion",2025-04-15 09:23:09.611638
ECON1742662,174,3853,76,"Health Potion, Weapon, Armor",2025-04-16 09:23:09.611649
ECON1757551,175,3608,42,Boots,2025-04-15 09:23:09.611657
ECON1761305,176,619,25,"Weapon, Boots, Health Potion",2025-04-06 09:23:09.611670
ECON1779119,177,3336,40,"Health Potion, Map",2025-04-07 09:23:09.611680
ECON1783549,178,2234,58,Weapon,2025-04-02 09:23:09.611688
ECON1792155,179,2433,52,Health Potion,2025-04-06 09:23:09.611699
ECON1808878,180,4159,44,"Map, Health Potion, Armor",2025-04-14 09:23:09.611711
ECON1818833,181,2401,83,Boots,2025-04-06 09:23:09.611719
ECON1828123,182,2652,59,"Map, Weapon, Health Potion",2025-03-25 09:23:09.611729
ECON1832235,183,3346,70,Armor,2025-04-12 09:23:09.611738
ECON1843959,184,3593,33,"Health Potion, Boots, Armor",2025-03-21 09:23:09.611747
ECON1854353,185,689,40,Armor,2025-04-14 09:23:09.611756
ECON1864095,186,942,100,Weapon,2025-03-27 09:23:09.611764
ECON1877272,187,4494,80,"Boots, Armor, Weapon",2025-04-19 09:23:09.611773
ECON1888644,188,4511,20,"Health Potion, Weapon",2025-04-02 09:23:09.611782
ECON1899515,189,506,49,Map,2025-04-16 09:23:09.611790
ECON1902170,190,533,15,"Map, Weapon, Boots",2025-04-15 09:23:09.611799
ECON1915205,191,1998,78,Map,2025-04-03 09:23:09.611808
ECON1927818,192,4745,50,"Health Potion, Weapon, Map",2025-03-23 09:23:09.611818
ECON1939074,193,2054,98,"Weapon, Map",2025-04-12 09:23:09.611826
ECON1942847,194,3580,54,"Weapon, Health Potion, Boots",2025-03-31 09:23:09.611836
ECON1953589,195,3327,73,"Armor, Map, Boots",2025-04-20 09:23:09.611845
ECON1961301,196,519,19,Health Potion,2025-03-21 09:23:09.611856
ECON1975375,197,4500,47,"Armor, Boots",2025-04-18 09:23:09.611865
ECON1985158,198,4976,70,"Armor, Health Potion, Weapon",2025-04-10 09:23:09.611874
ECON1998732,199,4361,67,Weapon,2025-04-17 09:23:09.611883
ECON2007673,200,3602,67,Boots,2025-03-29 09:23:09.611891
ECON2015683,201,4129,52,"Armor, Health Potion",2025-04-10 09:23:09.611900
ECON2021238,202,3977,92,"Boots, Health Potion, Map",2025-04-01 09:23:09.611911
ECON2034205,203,1395,59,Armor,2025-04-14 09:23:09.611920
ECON2043376,204,2903,75,Weapon,2025-04-08 09:23:09.611928
ECON2052033,205,4724,26,Boots,2025-04-10 09:23:09.611937
ECON2069954,206,2568,55,"Armor, Health Potion, Weapon",2025-04-02 09:23:09.611946
ECON2072163,207,4054,99,"Health Potion, Weapon",2025-04-18 09:23:09.611955
ECON2083704,208,2359,91,"Weapon, Health Potion",2025-03-26 09:23:09.611967
ECON2095349,209,4216,77,Health Potion,2025-04-16 09:23:09.611975
ECON2101796,210,1333,8,"Boots, Health Potion",2025-03-28 09:23:09.611984
ECON2119808,211,2225,70,"Weapon, Health Potion",2025-03-26 09:23:09.611993
ECON2121733,212,2174,9,"Boots, Weapon, Health Potion",2025-03-21 09:23:09.612003
ECON2135498,213,4359,2,"Map, Boots",2025-04-12 09:23:09.612013
ECON2147445,214,677,97,Health Potion,2025-03-22 09:23:09.612021
ECON2152929,215,4288,99,Boots,2025-04-16 09:23:09.612032
ECON2162826,216,3434,42,Boots,2025-03-28 09:23:09.612041
ECON2175077,217,3439,14,"Boots, Map, Health Potion",2025-04-16 09:23:09.612051
ECON2185734,218,1542,1,Boots,2025-03-28 09:23:09.612060
ECON2193231,219,703,1,"Map, Boots",2025-03-29 09:23:09.612068
ECON2207971,220,1851,19,"Weapon, Health Potion",2025-03-25 09:23:09.612077
ECON2216732,221,1528,21,"Weapon, Map, Armor",2025-04-19 09:23:09.612086
ECON2223720,222,2366,75,Map,2025-03-21 09:23:09.612094
ECON2231357,223,3324,30,Boots,2025-04-13 09:23:09.612103
ECON2245609,224,4941,13,"Map, Armor, Boots",2025-04-15 09:23:09.612112
ECON2255878,225,2573,90,Boots,2025-04-05 09:23:09.612121
ECON2262392,226,3176,91,"Armor, Map, Boots",2025-04-16 09:23:09.612130
ECON2272658,227,687,95,Map,2025-04-13 09:23:09.612138
ECON2289934,228,3518,100,"Map, Boots",2025-04-16 09:23:09.612147
ECON2294073,229,4932,79,Health Potion,2025-04-07 09:23:09.612155
ECON2301913,230,2685,61,"Weapon, Map, Armor",2025-03-21 09:23:09.612167
ECON2313745,231,3315,99,Armor,2025-03-29 09:23:09.612175
ECON2327444,232,1631,7,"Boots, Weapon",2025-04-14 09:23:09.612184
ECON2331906,233,3558,15,"Health Potion, Map",2025-04-01 09:23:09.612195
ECON2343155,234,2466,41,Map,2025-04-18 09:23:09.612206
ECON2353662,235,1310,95,"Armor, Weapon",2025-04-12 09:23:09.612218
ECON2367702,236,2027,68,"Map, Armor",2025-04-11 09:23:09.612239
ECON2373857,237,2015,29,"Map, Boots, Armor",2025-03-27 09:23:09.612249
ECON2384198,238,3360,58,Weapon,2025-04-17 09:23:09.612258
ECON2391178,239,1353,41,Map,2025-04-06 09:23:09.612266
ECON2402677,240,4274,79,"Health Potion, Map, Boots",2025-04-07 09:23:09.612276
ECON2419068,241,3708,86,"Map, Armor",2025-04-02 09:23:09.612285
ECON2425406,242,2619,38,"Weapon, Map, Boots",2025-04-11 09:23:09.612294
ECON2439817,243,1576,96,"Map, Boots",2025-03-31 09:23:09.612303
ECON2443943,244,2630,89,Boots,2025-04-07 09:23:09.612312
ECON2456233,245,2232,62,"Map, Boots",2025-04-08 09:23:09.612320
ECON2461087,246,657,67,Boots,2025-04-07 09:23:09.612329
ECON2476036,247,2006,30,"Map, Boots, Armor",2025-03-27 09:23:09.612339
ECON2483336,248,3152,52,Weapon,2025-04-17 09:23:09.612348
ECON2494048,249,1332,95,"Armor, Health Potion",2025-04-19 09:23:09.612357
ECON2502676,250,4793,44,"Weapon, Armor",2025-04-02 09:23:09.612366
ECON2516670,251,524,58,Boots,2025-04-19 09:23:09.612375
ECON2527885,252,517,14,"Weapon, Map, Health Potion",2025-04-18 09:23:09.612384
ECON2538172,253,4480,52,"Armor, Weapon, Health Potion",2025-04-17 09:23:09.612393
ECON2545783,254,4565,70,"Boots, Armor, Weapon",2025-03-29 09:23:09.612405
ECON2554589,255,3133,74,Map,2025-04-09 09:23:09.612414
ECON2562860,256,1371,55,Weapon,2025-03-31 09:23:09.612422
ECON2573573,257,4600,23,"Boots, Weapon",2025-04-16 09:23:09.612431
ECON2586083,258,1955,52,"Map, Boots",2025-04-15 09:23:09.612443
ECON2599367,259,4141,6,"Boots, Health Potion, Map",2025-03-30 09:23:09.612453
ECON2607965,260,1932,72,"Map, Boots",2025-04-11 09:23:09.612462
ECON2618038,261,602,18,"Health Potion, Armor",2025-03-30 09:23:09.612472
ECON2628181,262,2245,99,"Health Potion, Armor",2025-04-01 09:23:09.612481
ECON2638174,263,4950,80,Armor,2025-04-13 09:23:09.612490
ECON2646711,264,2926,70,"Armor, Weapon",2025-04-01 09:23:09.612499
ECON2654032,265,2725,69,Boots,2025-04-16 09:23:09.612507
ECON2667651,266,1179,72,Boots,2025-04-03 09:23:09.612515
ECON2672310,267,3062,75,"Boots, Health Potion",2025-04-06 09:23:09.612523
ECON2689267,268,4479,9,"Map, Boots",2025-03-26 09:23:09.612532
ECON2699401,269,4553,63,Weapon,2025-04-07 09:23:09.612540
ECON2708933,270,3464,9,"Map, Armor",2025-03-29 09:23:09.612551
ECON2714655,271,2140,16,"Weapon, Armor, Health Potion",2025-04-14 09:23:09.612561
ECON2724042,272,4419,74,"Boots, Map, Weapon",2025-04-12 09:23:09.612570
ECON2737700,273,3380,48,Map,2025-03-27 09:23:09.612579
ECON2745395,274,4923,80,"Map, Boots",2025-04-04 09:23:09.612591
ECON2755131,275,1289,84,"Boots, Armor",2025-04-13 09:23:09.612600
ECON2761358,276,2959,35,"Map, Boots, Health Potion",2025-03-22 09:23:09.612609
ECON2779611,277,1193,56,"Armor, Health Potion, Map",2025-04-03 09:23:09.612619
ECON2783042,278,1813,30,"Health Potion, Map, Boots",2025-03-27 09:23:09.612628
ECON2797282,279,4643,72,"Boots, Map, Health Potion",2025-04-15 09:23:09.612638
ECON2808528,280,2109,25,"Health Potion, Weapon, Map",2025-03-22 09:23:09.612647
ECON2811077,281,1995,86,"Map, Boots",2025-03-23 09:23:09.612657
ECON2823461,282,1734,92,"Armor, Boots, Health Potion",2025-04-18 09:23:09.612668
ECON2831920,283,1800,100,"Weapon, Armor",2025-04-06 09:23:09.612677
ECON2844202,284,2030,32,Boots,2025-03-28 09:23:09.612688
ECON2856313,285,4322,98,Health Potion,2025-04-02 09:23:09.612697
ECON2866842,286,3322,97,"Boots, Weapon, Armor",2025-04-05 09:23:09.612705
ECON2877514,287,2271,92,"Weapon, Armor",2025-03-21 09:23:09.612715
ECON2887853,288,4631,94,"Map, Armor",2025-03-27 09:23:09.612723
ECON2893135,289,810,56,Weapon,2025-03-23 09:23:09.612732
ECON2902679,290,4588,27,"Map, Boots, Health Potion",2025-04-17 09:23:09.612741
ECON2916940,291,2092,98,Armor,2025-03-23 09:23:09.612750
ECON2928655,292,3140,16,"Map, Weapon, Boots",2025-03-30 09:23:09.612760
ECON2935479,293,1531,31,"Health Potion, Armor",2025-04-05 09:23:09.612772
ECON2946351,294,3116,81,"Armor, Boots",2025-03-22 09:23:09.612781
ECON2951993,295,2915,32,"Map, Health Potion, Boots",2025-04-04 09:23:09.612791
ECON2969968,296,2494,54,"Health Potion, Map, Boots",2025-04-13 09:23:09.612800
ECON2978911,297,4663,18,"Map, Health Potion, Boots",2025-04-02 09:23:09.612810
ECON2986700,298,1782,94,Health Potion,2025-04-02 09:23:09.612818
ECON2997359,299,4232,12,Armor,2025-04-10 09:23:09.612827
ECON3005959,300,1131,46,Map,2025-03-22 09:23:09.612835
ECON3012448,301,4738,26,"Weapon, Armor, Boots",2025-04-04 09:23:09.612843
ECON3023757,302,4674,27,"Weapon, Armor, Map",2025-04-06 09:23:09.612853
ECON3036192,303,3738,32,"Map, Weapon, Boots",2025-04-07 09:23:09.612862
ECON3049989,304,4716,74,Health Potion,2025-04-07 09:23:09.612871
ECON3052795,305,665,75,"Map, Health Potion",2025-04-04 09:23:09.612880
ECON3069684,306,3960,82,"Boots, Armor",2025-04-19 09:23:09.612889
ECON3072871,307,4685,84,"Armor, Boots, Health Potion",2025-03-28 09:23:09.612898
ECON3084790,308,633,67,"Armor, Weapon",2025-04-11 09:23:09.612907
ECON3094736,309,2492,50,Health Potion,2025-04-19 09:23:09.612916
ECON3102474,310,557,19,Armor,2025-03-23 09:23:09.612928
ECON3119509,311,4235,40,"Map, Weapon, Health Potion",2025-04-13 09:23:09.612938
ECON3126334,312,1603,43,"Health Potion, Armor, Map",2025-03-31 09:23:09.612947
ECON3137654,313,4501,32,"Armor, Boots",2025-04-03 09:23:09.612959
ECON3148713,314,1339,4,"Boots, Weapon",2025-04-17 09:23:09.612968
ECON3153275,315,4192,64,"Armor, Weapon",2025-04-07 09:23:09.612980
ECON3161714,316,4534,97,"Weapon, Health Potion, Armor",2025-03-23 09:23:09.612989
ECON3179470,317,4520,95,Health Potion,2025-04-07 09:23:09.612997
ECON3189092,318,3409,96,"Map, Boots",2025-04-13 09:23:09.613006
ECON3194117,319,3993,71,"Health Potion, Weapon, Map",2025-04-04 09:23:09.613015
ECON3207791,320,4292,29,"Armor, Boots",2025-04-08 09:23:09.613023
ECON3211004,321,2565,21,"Boots, Weapon, Armor",2025-04-09 09:23:09.613033
ECON3227595,322,622,56,"Boots, Health Potion, Map",2025-04-08 09:23:09.613043
ECON3238116,323,4671,51,"Weapon, Armor",2025-04-10 09:23:09.613054
ECON3246937,324,907,6,"Map, Armor",2025-04-11 09:23:09.613063
ECON3255590,325,4932,31,"Map, Health Potion, Weapon",2025-03-21 09:23:09.613072
ECON3269576,326,2222,68,"Map, Armor",2025-03-21 09:23:09.613081
ECON3275088,327,890,55,"Weapon, Boots",2025-04-05 09:23:09.613090
ECON3285536,328,2949,51,Weapon,2025-03-25 09:23:09.613099
ECON3291567,329,1085,80,"Armor, Weapon, Boots",2025-04-04 09:23:09.613108
ECON3302528,330,4742,7,"Weapon, Map, Armor",2025-04-02 09:23:09.613118
ECON3312082,331,2970,36,Weapon,2025-03-30 09:23:09.613126
ECON3326388,332,2653,50,"Armor, Boots, Health Potion",2025-03-28 09:23:09.613138
ECON3331078,333,4105,54,"Armor, Weapon",2025-04-12 09:23:09.613147
ECON3344344,334,4112,22,"Weapon, Boots, Map",2025-03-29 09:23:09.613156
ECON3359112,335,3156,65,"Boots, Map, Weapon",2025-03-21 09:23:09.613168
ECON3363493,336,621,76,"Map, Weapon, Armor",2025-03-25 09:23:09.613178
ECON3375604,337,1887,46,"Health Potion, Boots, Armor",2025-03-31 09:23:09.613188
ECON3383632,338,4674,95,"Armor, Boots, Map",2025-04-04 09:23:09.613197
ECON3393970,339,2595,48,"Armor, Weapon",2025-03-24 09:23:09.613206
ECON3408061,340,2123,43,"Map, Armor",2025-04-14 09:23:09.613215
ECON3412943,341,1576,40,Boots,2025-04-10 09:23:09.613224
ECON3428015,342,4224,46,Map,2025-04-02 09:23:09.613232
ECON3435342,343,4831,32,Armor,2025-04-08 09:23:09.613241
ECON3442087,344,596,93,"Health Potion, Armor, Weapon",2025-04-07 09:23:09.613251
ECON3452150,345,3665,18,"Armor, Boots",2025-03-28 09:23:09.613262
ECON3469535,346,2541,67,Health Potion,2025-04-09 09:23:09.613274
ECON3472562,347,2410,88,"Weapon, Map",2025-04-19 09:23:09.613283
ECON3488301,348,1701,27,Armor,2025-03-21 09:23:09.613292
ECON3495340,349,956,73,"Armor, Map, Boots",2025-04-18 09:23:09.613302
ECON3501887,350,841,47,Weapon,2025-04-16 09:23:09.613311
ECON3516716,351,692,53,Boots,2025-04-18 09:23:09.613319
ECON3526252,352,3105,36,"Map, Health Potion",2025-04-19 09:23:09.613331
ECON3538457,353,3966,47,"Weapon, Map",2025-04-07 09:23:09.613340
ECON3545298,354,4931,93,"Weapon, Armor",2025-04-01 09:23:09.613350
ECON3557076,355,4037,78,"Map, Health Potion, Weapon",2025-04-15 09:23:09.613360
ECON3566535,356,4841,41,"Map, Health Potion",2025-03-23 09:23:09.613369
ECON3577106,357,1568,49,Weapon,2025-04-08 09:23:09.613378
ECON3589333,358,4008,58,Map,2025-04-14 09:23:09.613386
ECON3596431,359,2045,3,"Boots, Map",2025-04-11 09:23:09.613394
ECON3603966,360,1037,8,Armor,2025-03-21 09:23:09.613405
ECON3614955,361,4884,100,"Map, Boots",2025-03-28 09:23:09.613414
ECON3622808,362,4180,59,"Map, Health Potion",2025-04-17 09:23:09.613423
ECON3636716,363,3935,79,"Weapon, Map",2025-04-06 09:23:09.613432
ECON3644260,364,3091,56,"Weapon, Armor",2025-04-02 09:23:09.613441
ECON3652866,365,2334,98,"Health Potion, Weapon",2025-03-26 09:23:09.613450
ECON3666050,366,2197,57,"Map, Weapon",2025-03-22 09:23:09.613459
ECON3674005,367,3272,92,Map,2025-04-04 09:23:09.613467
ECON3687417,368,1179,51,Boots,2025-03-25 09:23:09.613475
ECON3696529,369,4997,12,"Weapon, Map",2025-04-16 09:23:09.613484
ECON3703439,370,3218,78,"Health Potion, Boots, Map",2025-03-25 09:23:09.613494
ECON3717447,371,735,53,Health Potion,2025-04-18 09:23:09.613504
ECON3729358,372,4115,66,Map,2025-04-13 09:23:09.613513
ECON3734709,373,964,11,"Health Potion, Map",2025-04-06 09:23:09.613522
ECON3747885,374,2979,79,"Health Potion, Armor",2025-04-19 09:23:09.613530
ECON3758542,375,4978,6,"Armor, Map",2025-04-08 09:23:09.613539
ECON3769123,376,3479,17,"Boots, Weapon",2025-03-22 09:23:09.613632
ECON3777738,377,4834,83,"Armor, Weapon, Health Potion",2025-04-05 09:23:09.613796
ECON3789401,378,4923,95,"Boots, Weapon, Armor",2025-04-12 09:23:09.613833
ECON3798691,379,3541,15,"Armor, Map",2025-04-07 09:23:09.613922
ECON3802091,380,2395,55,"Boots, Armor, Weapon",2025-04-07 09:23:09.613959
ECON3817077,381,2681,14,"Armor, Map, Weapon",2025-04-08 09:23:09.613996
ECON3828918,382,3851,52,"Health Potion, Armor, Map",2025-03-22 09:23:09.614028
ECON3837762,383,3511,58,Armor,2025-04-02 09:23:09.614054
ECON3849680,384,4863,87,"Weapon, Armor, Health Potion",2025-04-10 09:23:09.614090
ECON3855604,385,3729,83,Health Potion,2025-03-28 09:23:09.614110
ECON3866843,386,676,88,"Map, Armor, Weapon",2025-03-21 09:23:09.614130
ECON3879391,387,4408,54,Weapon,2025-04-13 09:23:09.614148
ECON3889818,388,1280,38,Armor,2025-03-21 09:23:09.614178
ECON3896622,389,2076,99,"Boots, Health Potion, Weapon",2025-04-18 09:23:09.614203
ECON3903925,390,1045,74,"Boots, Map, Armor",2025-04-10 09:23:09.614227
ECON3917194,391,4526,83,"Health Potion, Armor, Weapon",2025-03-23 09:23:09.614250
ECON3926070,392,844,84,Map,2025-04-20 09:23:09.614265
ECON3932216,393,1908,77,"Armor, Health Potion, Boots",2025-03-27 09:23:09.614294
ECON3941711,394,2819,44,"Health Potion, Weapon",2025-04-11 09:23:09.614311
ECON3957014,395,4527,12,"Health Potion, Boots",2025-03-29 09:23:09.614330
ECON3966760,396,3656,42,"Health Potion, Map, Armor",2025-04-07 09:23:09.614347
ECON3979039,397,3881,86,"Armor, Weapon",2025-04-18 09:23:09.614365
ECON3989167,398,4239,88,"Map, Armor, Health Potion",2025-04-18 09:23:09.614387
ECON3998655,399,1241,86,Boots,2025-03-29 09:23:09.614403
ECON4008008,400,4251,88,"Boots, Health Potion",2025-04-18 09:23:09.614423
ECON4013476,401,3917,12,"Armor, Boots",2025-04-20 09:23:09.614629
ECON4029025,402,1208,19,"Weapon, Boots",2025-04-08 09:23:09.614672
ECON4039487,403,763,14,"Weapon, Map, Health Potion",2025-04-20 09:23:09.614705
ECON4043846,404,4648,89,"Health Potion, Weapon",2025-03-22 09:23:09.614735
ECON4052380,405,1019,58,"Health Potion, Weapon",2025-04-02 09:23:09.614766
ECON4067585,406,1118,89,Weapon,2025-04-17 09:23:09.614793
ECON4074394,407,926,70,"Boots, Map",2025-03-23 09:23:09.614821
ECON4085221,408,2013,50,"Weapon, Boots, Armor",2025-03-31 09:23:09.614853
ECON4091511,409,2735,82,"Map, Weapon",2025-03-27 09:23:09.614880
ECON4104286,410,4895,1,Armor,2025-04-15 09:23:09.614918
ECON4113698,411,2244,7,"Weapon, Health Potion, Armor",2025-03-29 09:23:09.614945
ECON4125077,412,1573,8,Armor,2025-03-21 09:23:09.614968
ECON4136562,413,4050,34,"Weapon, Armor, Map",2025-03-22 09:23:09.614992
ECON4146550,414,3100,54,Weapon,2025-04-02 09:23:09.615013
ECON4154764,415,3848,60,"Map, Health Potion, Boots",2025-04-15 09:23:09.615039
ECON4165689,416,1588,10,Health Potion,2025-03-27 09:23:09.615065
ECON4176529,417,3415,21,Weapon,2025-04-04 09:23:09.615085
ECON4186712,418,3999,38,"Health Potion, Map, Boots",2025-03-29 09:23:09.615110
ECON4197986,419,2409,30,Health Potion,2025-03-21 09:23:09.615131
ECON4206422,420,1772,58,"Weapon, Armor, Health Potion",2025-04-05 09:23:09.615155
ECON4217195,421,3359,6,Armor,2025-03-29 09:23:09.615177
ECON4227466,422,3504,93,Weapon,2025-03-28 09:23:09.615199
ECON4231638,423,4122,6,Armor,2025-04-06 09:23:09.615222
ECON4246472,424,2089,58,"Health Potion, Weapon, Boots",2025-03-27 09:23:09.615247
ECON4259299,425,2824,44,Boots,2025-04-09 09:23:09.615268
ECON4264821,426,4931,64,Weapon,2025-04-15 09:23:09.615290
ECON4272915,427,2259,13,"Weapon, Map",2025-03-26 09:23:09.615315
ECON4288662,428,3127,76,"Weapon, Map, Boots",2025-04-07 09:23:09.615342
ECON4295294,429,1502,21,Map,2025-03-26 09:23:09.615366
ECON4306612,430,4420,1,"Weapon, Boots",2025-04-18 09:23:09.615578
ECON4311146,431,4001,80,"Health Potion, Map, Boots",2025-04-10 09:23:09.615609
ECON4327120,432,2888,42,"Boots, Health Potion, Armor",2025-04-01 09:23:09.615635
ECON4335553,433,2133,17,"Armor, Weapon",2025-03-24 09:23:09.615659
ECON4345815,434,3936,82,Health Potion,2025-03-31 09:23:09.615683
ECON4355753,435,4261,16,"Armor, Weapon",2025-04-20 09:23:09.615706
ECON4361292,436,2332,84,Armor,2025-04-15 09:23:09.615730
ECON4377667,437,1538,59,"Boots, Map",2025-03-29 09:23:09.615755
ECON4384247,438,706,27,Health Potion,2025-03-30 09:23:09.615783
ECON4397735,439,4221,15,Health Potion,2025-04-04 09:23:09.615808
ECON4404075,440,2402,60,"Weapon, Armor",2025-03-29 09:23:09.615831
ECON4417428,441,933,39,"Health Potion, Armor",2025-03-21 09:23:09.615856
ECON4424823,442,935,59,Boots,2025-04-12 09:23:09.615879
ECON4431408,443,3218,11,"Weapon, Map, Armor",2025-04-19 09:23:09.615905
ECON4449271,444,3472,48,"Armor, Weapon",2025-04-04 09:23:09.615929
ECON4459703,445,669,13,Weapon,2025-03-22 09:23:09.615951
ECON4465281,446,3825,27,Health Potion,2025-04-17 09:23:09.615974
ECON4476003,447,3157,40,"Weapon, Map, Boots",2025-03-22 09:23:09.615999
ECON4489515,448,1573,41,"Map, Weapon",2025-03-29 09:23:09.616023
ECON4494182,449,2533,13,"Armor, Boots",2025-04-14 09:23:09.616144
ECON4503981,450,2508,35,"Health Potion, Boots, Map",2025-04-12 09:23:09.616198
ECON4514535,451,1561,44,"Boots, Map, Health Potion",2025-04-16 09:23:09.616232
ECON4523720,452,4695,46,"Boots, Armor",2025-04-05 09:23:09.616260
ECON4537895,453,546,82,"Armor, Weapon, Map",2025-04-14 09:23:09.616287
ECON4547859,454,4577,54,Weapon,2025-04-07 09:23:09.616313
ECON4554738,455,1010,93,Health Potion,2025-04-19 09:23:09.616338
ECON4565421,456,3283,73,Map,2025-03-21 09:23:09.616365
ECON4577371,457,4633,14,Armor,2025-04-20 09:23:09.616390
ECON4588813,458,2550,96,Health Potion,2025-04-10 09:23:09.616425
ECON4593308,459,1192,90,"Map, Health Potion",2025-04-18 09:23:09.616468
ECON4605249,460,1047,53,"Armor, Map, Boots",2025-04-12 09:23:09.616494
ECON4612903,461,2816,88,"Weapon, Health Potion",2025-04-07 09:23:09.616521
ECON4628064,462,550,55,"Health Potion, Weapon",2025-03-21 09:23:09.616549
ECON4637891,463,1672,98,"Weapon, Armor",2025-04-04 09:23:09.616583
ECON4647928,464,894,74,"Health Potion, Boots, Armor",2025-04-17 09:23:09.616612
ECON4659191,465,4313,2,"Boots, Weapon",2025-04-04 09:23:09.616638
ECON4666262,466,4707,90,Armor,2025-03-27 09:23:09.617078
ECON4671522,467,937,51,"Weapon, Health Potion, Map",2025-04-08 09:23:09.617120
ECON4684307,468,1061,38,Boots,2025-04-14 09:23:09.617217
ECON4695381,469,1596,46,"Boots, Map",2025-03-25 09:23:09.617260
ECON4702665,470,2612,34,"Weapon, Armor",2025-04-19 09:23:09.617289
ECON4719652,471,2066,65,"Armor, Health Potion, Map",2025-04-18 09:23:09.617316
ECON4727556,472,1432,78,Boots,2025-04-10 09:23:09.617355
ECON4732895,473,1972,69,Armor,2025-04-08 09:23:09.617403
ECON4741694,474,4084,2,"Health Potion, Boots, Armor",2025-04-09 09:23:09.617432
ECON4755709,475,863,71,"Boots, Armor, Health Potion",2025-04-14 09:23:09.617458
ECON4761822,476,2620,28,"Health Potion, Boots",2025-03-24 09:23:09.617483
ECON4778421,477,3689,37,"Map, Armor, Health Potion",2025-04-02 09:23:09.617508
ECON4784511,478,1349,100,"Weapon, Boots",2025-04-02 09:23:09.617531
ECON4791331,479,4392,49,"Weapon, Health Potion, Armor",2025-04-03 09:23:09.617557
ECON4807567,480,2711,48,Map,2025-03-29 09:23:09.617580
ECON4817855,481,3765,59,"Map, Weapon",2025-03-30 09:23:09.617673
ECON4826728,482,3410,30,"Health Potion, Boots",2025-03-22 09:23:09.617731
ECON4836348,483,4878,85,"Health Potion, Armor",2025-04-17 09:23:09.617762
ECON4845952,484,1033,73,Weapon,2025-04-05 09:23:09.617787
ECON4854202,485,4738,54,"Armor, Map, Health Potion",2025-04-14 09:23:09.617822
ECON4868070,486,3515,60,"Health Potion, Armor, Boots",2025-04-08 09:23:09.617850
ECON4875767,487,4410,58,Map,2025-03-30 09:23:09.617874
ECON4882848,488,3555,97,"Weapon, Boots",2025-03-23 09:23:09.617904
ECON4893050,489,3638,61,Map,2025-04-03 09:23:09.617929
ECON4905097,490,4672,33,"Boots, Weapon, Map",2025-04-02 09:23:09.617959
ECON4914658,491,1151,33,"Health Potion, Armor, Map",2025-03-26 09:23:09.617985
ECON4923583,492,578,20,"Boots, Health Potion, Map",2025-04-20 09:23:09.618012
ECON4939862,493,4759,47,"Weapon, Boots, Health Potion",2025-03-21 09:23:09.618039
ECON4944927,494,1806,40,"Health Potion, Weapon, Map",2025-03-24 09:23:09.618065
ECON4957938,495,1523,43,Map,2025-03-26 09:23:09.618088
ECON4968185,496,2469,54,Map,2025-03-21 09:23:09.618112
ECON4977345,497,787,7,Health Potion,2025-03-26 09:23:09.618137
ECON4985536,498,2168,74,"Map, Boots",2025-04-10 09:23:09.618163
ECON4995098,499,4436,78,"Map, Boots, Armor",2025-04-14 09:23:09.618190
ECON5006413,500,4418,8,"Map, Armor",2025-04-01 09:23:09.618216
ECON5017323,501,2218,65,"Weapon, Health Potion, Armor",2025-04-18 09:23:09.618242
ECON5027239,502,2671,11,Boots,2025-04-19 09:23:09.618268
ECON5033067,503,3990,28,Health Potion,2025-04-02 09:23:09.618294
ECON5041351,504,2225,99,"Boots, Health Potion, Armor",2025-04-20 09:23:09.618320
ECON5052188,505,4221,43,"Map, Weapon",2025-03-30 09:23:09.618346
ECON5061341,506,2409,99,Boots,2025-04-05 09:23:09.618370
ECON5078926,507,3187,37,"Boots, Armor",2025-04-15 09:23:09.618396
ECON5088770,508,3378,63,Boots,2025-04-18 09:23:09.618426
ECON5099990,509,2201,47,"Armor, Health Potion, Map",2025-04-20 09:23:09.618452
ECON5101631,510,4304,89,"Armor, Weapon, Boots",2025-04-04 09:23:09.618480
ECON5118654,511,1444,34,"Weapon, Health Potion, Map",2025-04-07 09:23:09.618508
ECON5128121,512,1757,95,"Map, Armor",2025-04-19 09:23:09.618534
ECON5132780,513,2926,2,"Map, Weapon, Armor",2025-04-19 09:23:09.618560
ECON5144923,514,767,59,"Weapon, Health Potion, Map",2025-03-25 09:23:09.618587
ECON5155504,515,3077,63,Health Potion,2025-03-30 09:23:09.618610
ECON5168466,516,2381,39,"Boots, Weapon",2025-04-20 09:23:09.618634
ECON5176521,517,4957,22,"Weapon, Health Potion",2025-04-03 09:23:09.618664
ECON5181475,518,3785,94,Boots,2025-04-10 09:23:09.618688
ECON5192389,519,1444,86,"Boots, Map",2025-04-16 09:23:09.618713
ECON5203422,520,4741,99,Health Potion,2025-03-30 09:23:09.618737
ECON5218547,521,3849,90,Map,2025-03-23 09:23:09.618761
ECON5227376,522,1238,92,"Map, Weapon, Boots",2025-04-16 09:23:09.618793
ECON5231083,523,2739,91,Weapon,2025-03-26 09:23:09.618845
ECON5246543,524,4222,77,"Map, Health Potion, Boots",2025-03-24 09:23:09.618879
ECON5254323,525,4202,61,"Weapon, Armor",2025-04-17 09:23:09.618905
ECON5261179,526,946,4,"Weapon, Health Potion",2025-03-23 09:23:09.618931
ECON5279736,527,3790,62,"Map, Health Potion, Weapon",2025-04-10 09:23:09.618965
ECON5288073,528,830,31,"Health Potion, Boots, Weapon",2025-03-31 09:23:09.618992
ECON5298232,529,4061,1,"Map, Boots",2025-04-03 09:23:09.619018
ECON5306808,530,1424,56,"Armor, Boots, Map",2025-03-22 09:23:09.619045
ECON5318597,531,1824,98,Health Potion,2025-04-12 09:23:09.619069
ECON5323429,532,1187,20,"Armor, Weapon, Boots",2025-04-02 09:23:09.619095
ECON5332286,533,1986,61,"Armor, Weapon, Health Potion",2025-04-06 09:23:09.619122
ECON5347056,534,3842,80,"Map, Health Potion",2025-04-14 09:23:09.619147
ECON5353895,535,2179,82,"Health Potion, Weapon",2025-03-31 09:23:09.619173
ECON5369035,536,4052,13,Armor,2025-04-20 09:23:09.619197
ECON5372696,537,2705,87,"Health Potion, Boots, Weapon",2025-04-08 09:23:09.619230
ECON5381197,538,1203,47,"Armor, Health Potion, Boots",2025-04-19 09:23:09.619257
ECON5395600,539,2652,81,"Map, Weapon",2025-04-19 09:23:09.619283
ECON5404662,540,2927,83,"Armor, Boots",2025-04-06 09:23:09.619309
ECON5418952,541,3577,83,"Map, Armor, Health Potion",2025-04-05 09:23:09.619336
ECON5423330,542,1157,60,"Weapon, Armor",2025-04-15 09:23:09.619361
ECON5437995,543,2476,73,"Weapon, Armor",2025-04-17 09:23:09.619391
ECON5449029,544,4080,55,"Boots, Weapon",2025-03-31 09:23:09.619416
ECON5452306,545,3283,89,"Boots, Armor, Map",2025-04-17 09:23:09.619443
ECON5465250,546,2148,81,"Map, Health Potion",2025-03-30 09:23:09.619468
ECON5475932,547,4385,75,"Map, Weapon, Boots",2025-03-25 09:23:09.619498
ECON5485106,548,1417,43,Armor,2025-03-25 09:23:09.619523
ECON5493256,549,1078,64,Health Potion,2025-04-15 09:23:09.619546
ECON5506335,550,2657,73,"Armor, Health Potion, Map",2025-03-28 09:23:09.619572
ECON5517708,551,1703,48,Health Potion,2025-03-25 09:23:09.619597
ECON5525935,552,4958,98,Map,2025-03-28 09:23:09.619621
ECON5535667,553,2039,83,Armor,2025-04-15 09:23:09.619646
ECON5546983,554,4390,14,Boots,2025-04-19 09:23:09.619671
ECON5557148,555,3087,48,Map,2025-03-27 09:23:09.619694
ECON5567675,556,3431,37,"Map, Weapon",2025-04-01 09:23:09.619719
ECON5571719,557,4805,58,Health Potion,2025-04-19 09:23:09.619742
ECON5585863,558,2805,82,Health Potion,2025-03-30 09:23:09.619766
ECON5593962,559,2319,79,"Boots, Health Potion, Weapon",2025-04-02 09:23:09.619792
ECON5605069,560,1891,48,"Health Potion, Weapon, Armor",2025-04-15 09:23:09.619823
ECON5614144,561,2765,79,"Health Potion, Boots",2025-03-30 09:23:09.619849
ECON5621334,562,3426,20,"Weapon, Armor, Health Potion",2025-04-20 09:23:09.619875
ECON5633552,563,4017,65,"Armor, Map",2025-03-26 09:23:09.619900
ECON5649886,564,2537,5,"Armor, Map, Health Potion",2025-04-06 09:23:09.619925
ECON5656270,565,4244,98,"Boots, Weapon, Armor",2025-04-19 09:23:09.619951
ECON5664669,566,1047,43,Weapon,2025-03-22 09:23:09.619979
ECON5672412,567,3202,94,"Boots, Weapon",2025-04-10 09:23:09.620004
ECON5685154,568,3526,4,"Health Potion, Map",2025-04-12 09:23:09.620029
ECON5698667,569,2780,75,"Map, Health Potion",2025-03-25 09:23:09.620059
ECON5702368,570,578,42,"Weapon, Armor, Map",2025-03-27 09:23:09.620089
ECON5716082,571,1707,56,Armor,2025-04-13 09:23:09.620114
ECON5727481,572,4365,70,Health Potion,2025-03-22 09:23:09.620137
ECON5732395,573,2563,13,"Armor, Weapon, Boots",2025-03-29 09:23:09.620162
ECON5745376,574,4339,88,Map,2025-03-21 09:23:09.620186
ECON5754344,575,4376,94,"Weapon, Health Potion, Map",2025-04-03 09:23:09.620213
ECON5769837,576,741,28,Map,2025-03-30 09:23:09.620239
ECON5776762,577,2069,72,"Weapon, Boots",2025-04-17 09:23:09.620265
ECON5782489,578,2028,5,"Weapon, Health Potion, Armor",2025-03-31 09:23:09.620290
ECON5791527,579,3251,7,"Map, Armor",2025-04-11 09:23:09.620316
ECON5807880,580,2937,44,"Weapon, Health Potion",2025-04-15 09:23:09.620342
ECON5814755,581,2268,82,Boots,2025-04-13 09:23:09.620366
ECON5823260,582,1102,22,Boots,2025-04-08 09:23:09.620389
ECON5835814,583,2771,58,"Weapon, Armor",2025-03-26 09:23:09.620415
ECON5845828,584,1686,25,"Map, Weapon, Health Potion",2025-03-28 09:23:09.620442
ECON5853394,585,4329,60,Health Potion,2025-04-01 09:23:09.620466
ECON5868681,586,4030,19,"Weapon, Armor",2025-04-20 09:23:09.620497
ECON5876932,587,3348,69,"Map, Boots",2025-03-28 09:23:09.620522
ECON5888479,588,954,68,Weapon,2025-03-30 09:23:09.620546
ECON5898736,589,4912,38,"Health Potion, Armor, Boots",2025-04-16 09:23:09.620571
ECON5909459,590,2697,54,"Health Potion, Map, Weapon",2025-03-30 09:23:09.620598
ECON5916247,591,695,35,"Armor, Weapon, Map",2025-04-08 09:23:09.620624
ECON5927189,592,4445,32,"Boots, Health Potion, Armor",2025-04-05 09:23:09.620651
ECON5931771,593,4195,51,"Health Potion, Map",2025-04-06 09:23:09.620676
ECON5943226,594,2167,20,"Health Potion, Boots, Weapon",2025-03-29 09:23:09.620706
ECON5957736,595,1667,72,"Health Potion, Weapon",2025-04-10 09:23:09.620735
ECON5962240,596,3446,48,"Weapon, Boots, Health Potion",2025-03-21 09:23:09.620761
ECON5974635,597,547,26,Armor,2025-04-19 09:23:09.620785
ECON5981379,598,2386,16,Map,2025-04-05 09:23:09.620808
ECON5999029,599,3218,86,"Armor, Health Potion, Map",2025-04-03 09:23:09.620834
ECON6009267,600,2853,89,"Health Potion, Armor, Map",2025-03-25 09:23:09.620860
ECON6016844,601,667,26,"Armor, Health Potion",2025-04-17 09:23:09.620892
ECON6023185,602,2605,20,"Armor, Map",2025-04-20 09:23:09.620919
ECON6036985,603,2830,43,"Weapon, Armor",2025-04-19 09:23:09.620944
ECON6044959,604,2199,73,Map,2025-04-08 09:23:09.620968
ECON6054128,605,3580,33,"Armor, Boots",2025-03-29 09:23:09.620998
ECON6064195,606,4533,47,"Weapon, Boots",2025-04-06 09:23:09.621023
ECON6079347,607,591,98,"Map, Armor",2025-04-06 09:23:09.621047
ECON6081763,608,2331,29,"Weapon, Boots, Health Potion",2025-04-07 09:23:09.621074
ECON6095483,609,824,57,"Armor, Boots",2025-03-24 09:23:09.621131
ECON6104917,610,4834,22,Boots,2025-04-18 09:23:09.621148
ECON6116596,611,1867,6,Boots,2025-04-17 09:23:09.621163
ECON6127982,612,2097,64,"Armor, Boots, Health Potion",2025-04-02 09:23:09.621181
ECON6136656,613,4736,31,"Boots, Weapon",2025-04-14 09:23:09.621198
ECON6149420,614,3760,61,Weapon,2025-03-27 09:23:09.621212
ECON6156233,615,3815,11,Boots,2025-04-16 09:23:09.621228
ECON6165600,616,1746,85,"Weapon, Map, Armor",2025-04-09 09:23:09.621245
ECON6175042,617,1801,42,Boots,2025-04-16 09:23:09.621260
ECON6188252,618,777,31,Armor,2025-04-12 09:23:09.621275
ECON6191517,619,1884,68,"Boots, Health Potion, Map",2025-03-29 09:23:09.621299
ECON6201085,620,4231,58,"Armor, Map, Boots",2025-04-08 09:23:09.621318
ECON6215105,621,4707,95,Map,2025-03-24 09:23:09.621339
ECON6227130,622,2515,95,Weapon,2025-04-13 09:23:09.621354
ECON6236509,623,3283,66,"Health Potion, Weapon, Armor",2025-03-28 09:23:09.621368
ECON6247909,624,921,60,"Health Potion, Armor, Weapon",2025-03-26 09:23:09.621386
ECON6257720,625,2060,36,"Armor, Health Potion",2025-04-19 09:23:09.621403
ECON6269991,626,3442,9,"Boots, Health Potion",2025-03-23 09:23:09.621412
ECON6274269,627,3091,46,Map,2025-04-18 09:23:09.621424
ECON6284068,628,1012,20,"Health Potion, Armor, Map",2025-04-04 09:23:09.621436
ECON6293256,629,3393,11,"Armor, Map, Health Potion",2025-04-17 09:23:09.621457
ECON6303418,630,2216,49,"Health Potion, Weapon, Boots",2025-03-27 09:23:09.621476
ECON6317463,631,4935,6,"Map, Armor, Weapon",2025-03-31 09:23:09.621500
ECON6322474,632,2469,48,"Health Potion, Map, Weapon",2025-04-09 09:23:09.621519
ECON6332192,633,3492,19,"Armor, Health Potion, Map",2025-03-25 09:23:09.621535
ECON6346209,634,3058,74,"Map, Weapon, Health Potion",2025-03-30 09:23:09.621557
ECON6359221,635,2378,31,"Armor, Weapon, Map",2025-03-29 09:23:09.621572
ECON6361422,636,585,76,Boots,2025-04-12 09:23:09.621588
ECON6376317,637,2401,81,"Armor, Map",2025-03-31 09:23:09.621604
ECON6384084,638,2707,26,"Weapon, Boots",2025-03-24 09:23:09.621622
ECON6391268,639,3157,97,Armor,2025-03-30 09:23:09.621646
ECON6404457,640,1703,66,Weapon,2025-03-25 09:23:09.621662
ECON6418093,641,3991,61,"Armor, Weapon, Boots",2025-04-10 09:23:09.621679
ECON6424510,642,1186,3,"Health Potion, Weapon, Armor",2025-04-06 09:23:09.621702
ECON6437084,643,2837,46,"Boots, Armor, Health Potion",2025-04-05 09:23:09.621720
ECON6448853,644,3715,18,"Boots, Armor",2025-04-09 09:23:09.621735
ECON6455451,645,598,46,Map,2025-04-01 09:23:09.621745
ECON6465638,646,4364,99,Boots,2025-04-19 09:23:09.621754
ECON6479573,647,2818,40,"Health Potion, Weapon, Boots",2025-04-01 09:23:09.621770
ECON6489228,648,1407,7,Map,2025-03-23 09:23:09.621779
ECON6498110,649,2631,74,Boots,2025-04-08 09:23:09.621789
ECON6506614,650,2362,74,Armor,2025-03-25 09:23:09.621814
ECON6514837,651,2136,74,"Weapon, Map",2025-04-04 09:23:09.621832
ECON6526586,652,1949,5,"Weapon, Map",2025-04-16 09:23:09.621848
ECON6531927,653,3921,9,"Armor, Boots, Weapon",2025-03-31 09:23:09.621866
ECON6545353,654,3722,33,"Health Potion, Boots, Armor",2025-04-16 09:23:09.621883
ECON6558285,655,2308,47,Map,2025-04-09 09:23:09.621906
ECON6562326,656,4330,50,"Armor, Map, Boots",2025-04-01 09:23:09.621918
ECON6574394,657,1273,16,"Health Potion, Weapon, Boots",2025-04-19 09:23:09.621927
ECON6588185,658,694,70,Boots,2025-04-12 09:23:09.621943
ECON6592918,659,3988,4,"Boots, Map",2025-03-24 09:23:09.621953
ECON6609273,660,3708,47,Health Potion,2025-03-27 09:23:09.621961
ECON6617090,661,1795,78,"Boots, Health Potion",2025-04-07 09:23:09.621970
ECON6629888,662,1528,94,Weapon,2025-04-07 09:23:09.621978
ECON6635024,663,2704,13,"Weapon, Map",2025-04-01 09:23:09.621987
ECON6647612,664,2871,3,Weapon,2025-04-19 09:23:09.621998
ECON6654817,665,4518,81,"Health Potion, Weapon",2025-03-24 09:23:09.622010
ECON6668597,666,2328,49,"Boots, Health Potion, Weapon",2025-03-26 09:23:09.622020
ECON6673748,667,2198,40,"Armor, Map, Boots",2025-03-29 09:23:09.622030
ECON6685441,668,1468,34,"Health Potion, Map",2025-04-04 09:23:09.622039
ECON6691680,669,2682,43,"Armor, Map, Boots",2025-04-06 09:23:09.622048
ECON6704738,670,1263,80,"Armor, Weapon, Health Potion",2025-04-10 09:23:09.622057
ECON6711585,671,986,7,Weapon,2025-04-13 09:23:09.622065
ECON6729101,672,1535,68,"Boots, Weapon",2025-04-16 09:23:09.622073
ECON6733406,673,4420,64,"Weapon, Armor, Health Potion",2025-04-06 09:23:09.622083
ECON6746120,674,4785,1,Armor,2025-04-12 09:23:09.622094
ECON6758789,675,3133,60,Armor,2025-03-24 09:23:09.622105
ECON6768278,676,2146,50,Armor,2025-04-19 09:23:09.622125
ECON6774448,677,2218,56,"Armor, Boots",2025-04-05 09:23:09.622135
ECON6788226,678,3616,26,"Weapon, Health Potion, Map",2025-04-19 09:23:09.622144
ECON6796292,679,2986,48,"Boots, Weapon, Armor",2025-04-01 09:23:09.622153
ECON6804968,680,2706,56,"Health Potion, Map",2025-03-31 09:23:09.622162
ECON6817867,681,1263,44,"Boots, Weapon",2025-03-25 09:23:09.622171
ECON6828613,682,1176,50,"Health Potion, Armor",2025-03-22 09:23:09.622180
ECON6835311,683,2159,65,"Boots, Weapon",2025-03-29 09:23:09.622192
ECON6841576,684,4004,59,"Health Potion, Weapon, Armor",2025-03-22 09:23:09.622201
ECON6854750,685,2290,2,"Health Potion, Boots",2025-04-07 09:23:09.622210
ECON6863200,686,1118,59,"Boots, Map, Weapon",2025-04-04 09:23:09.622219
ECON6875901,687,2110,74,"Map, Boots, Armor",2025-04-19 09:23:09.622228
ECON6881261,688,3293,9,Health Potion,2025-03-24 09:23:09.622237
ECON6895656,689,1547,64,"Armor, Map, Weapon",2025-04-06 09:23:09.622246
ECON6905234,690,4548,50,Map,2025-04-19 09:23:09.622255
ECON6917947,691,4219,100,Map,2025-03-30 09:23:09.622263
ECON6928517,692,4703,12,"Armor, Boots, Map",2025-04-10 09:23:09.622272
ECON6935007,693,3529,26,"Boots, Map",2025-04-01 09:23:09.622281
ECON6947087,694,4698,16,"Weapon, Armor",2025-03-28 09:23:09.622290
ECON6955544,695,2253,21,Health Potion,2025-04-06 09:23:09.622299
ECON6969635,696,3611,28,"Boots, Weapon",2025-04-04 09:23:09.622307
ECON6976453,697,2416,73,Map,2025-04-04 09:23:09.622315
ECON6989396,698,3158,8,"Health Potion, Weapon, Boots",2025-04-12 09:23:09.622324
ECON6997137,699,3929,17,"Boots, Health Potion",2025-04-01 09:23:09.622333
ECON7003084,700,4510,16,Armor,2025-03-21 09:23:09.622344
ECON7013897,701,2627,13,"Armor, Map",2025-04-10 09:23:09.622353
ECON7028254,702,862,89,"Health Potion, Weapon, Map",2025-03-29 09:23:09.622362
ECON7031464,703,4582,10,"Map, Weapon, Boots",2025-03-27 09:23:09.622373
ECON7042833,704,1305,19,Boots,2025-03-30 09:23:09.622382
ECON7057921,705,4594,4,Map,2025-04-12 09:23:09.622390
ECON7068076,706,4319,88,"Boots, Weapon, Map",2025-04-10 09:23:09.622399
ECON7078802,707,4753,26,"Boots, Health Potion, Armor",2025-03-30 09:23:09.622409
ECON7084015,708,1483,83,Boots,2025-03-23 09:23:09.622417
ECON7094096,709,588,86,"Map, Boots, Weapon",2025-03-30 09:23:09.622426
ECON7108468,710,3032,35,"Weapon, Map",2025-04-09 09:23:09.622435
ECON7116482,711,701,99,Weapon,2025-03-24 09:23:09.622443
ECON7128535,712,2895,92,Armor,2025-04-02 09:23:09.622452
ECON7132141,713,1232,89,"Boots, Armor",2025-04-10 09:23:09.622460
ECON7143290,714,2951,29,Health Potion,2025-03-28 09:23:09.622468
ECON7159769,715,3762,84,"Weapon, Boots, Health Potion",2025-04-06 09:23:09.622477
ECON7164948,716,4000,7,Armor,2025-04-09 09:23:09.622486
ECON7175348,717,3238,25,"Map, Weapon, Health Potion",2025-03-31 09:23:09.622495
ECON7189442,718,4245,76,"Health Potion, Boots",2025-03-30 09:23:09.622504
ECON7194714,719,1672,49,Boots,2025-04-20 09:23:09.622512
ECON7207281,720,4248,90,"Armor, Boots, Map",2025-04-16 09:23:09.622521
ECON7215939,721,2504,13,Armor,2025-04-07 09:23:09.622530
ECON7227347,722,4276,42,Health Potion,2025-04-20 09:23:09.622541
ECON7236505,723,1162,95,"Health Potion, Map, Weapon",2025-04-07 09:23:09.622550
ECON7246351,724,4235,57,Weapon,2025-04-06 09:23:09.622558
ECON7254109,725,1903,34,"Health Potion, Map",2025-04-05 09:23:09.622566
ECON7264186,726,4758,93,"Health Potion, Weapon",2025-04-08 09:23:09.622575
ECON7278800,727,588,24,"Health Potion, Boots, Weapon",2025-03-31 09:23:09.622587
ECON7286287,728,2070,33,"Boots, Weapon",2025-04-14 09:23:09.622598
ECON7294100,729,592,43,"Weapon, Map, Health Potion",2025-03-21 09:23:09.622607
ECON7301373,730,3509,42,Weapon,2025-04-18 09:23:09.622616
ECON7313855,731,853,49,"Armor, Weapon, Map",2025-04-05 09:23:09.622625
ECON7323410,732,3757,94,Weapon,2025-03-31 09:23:09.622633
ECON7336510,733,4261,52,"Armor, Map, Health Potion",2025-04-16 09:23:09.622642
ECON7347224,734,4389,27,"Map, Health Potion",2025-04-03 09:23:09.622650
ECON7356339,735,973,98,"Boots, Armor, Weapon",2025-03-30 09:23:09.622659
ECON7361593,736,1384,44,"Health Potion, Armor",2025-04-20 09:23:09.622668
ECON7373859,737,3759,96,"Map, Boots, Weapon",2025-04-06 09:23:09.622677
ECON7384794,738,3607,29,"Armor, Weapon, Map",2025-03-29 09:23:09.622686
ECON7398096,739,4556,18,"Armor, Weapon",2025-04-02 09:23:09.622695
ECON7405227,740,4606,38,"Weapon, Map, Boots",2025-03-27 09:23:09.622704
ECON7419313,741,793,72,Weapon,2025-03-23 09:23:09.622716
ECON7427774,742,3887,99,Boots,2025-04-10 09:23:09.622727
ECON7435958,743,3453,42,"Health Potion, Map",2025-03-21 09:23:09.622736
ECON7449296,744,1266,23,"Boots, Weapon",2025-04-08 09:23:09.622745
ECON7455305,745,1694,80,"Health Potion, Boots, Armor",2025-04-02 09:23:09.622754
ECON7461380,746,4108,75,Boots,2025-03-28 09:23:09.622762
ECON7473231,747,864,63,Boots,2025-04-01 09:23:09.622770
ECON7487259,748,2227,58,"Boots, Weapon, Map",2025-04-04 09:23:09.622779
ECON7498116,749,2607,27,"Health Potion, Armor, Weapon",2025-03-23 09:23:09.622789
ECON7505138,750,4364,30,"Boots, Map, Health Potion",2025-04-05 09:23:09.622798
ECON7511130,751,4488,6,"Armor, Map, Weapon",2025-04-13 09:23:09.622808
ECON7526954,752,791,66,"Health Potion, Map, Armor",2025-04-07 09:23:09.622820
ECON7534849,753,4440,12,"Boots, Armor",2025-04-12 09:23:09.622829
ECON7543364,754,895,15,"Armor, Boots, Map",2025-04-05 09:23:09.622839
ECON7558273,755,4219,75,Map,2025-03-31 09:23:09.622848
ECON7566141,756,2944,17,"Map, Weapon",2025-04-04 09:23:09.622857
ECON7577043,757,874,14,Health Potion,2025-04-02 09:23:09.622866
ECON7582169,758,3817,53,"Map, Armor",2025-04-08 09:23:09.622874
ECON7599202,759,4710,97,Health Potion,2025-04-19 09:23:09.622882
ECON7607530,760,3435,81,"Boots, Weapon",2025-04-18 09:23:09.622891
ECON7612571,761,813,47,Weapon,2025-04-19 09:23:09.622901
ECON7623167,762,4710,96,"Armor, Boots, Health Potion",2025-04-04 09:23:09.622912
ECON7635980,763,1543,23,"Map, Health Potion, Boots",2025-04-20 09:23:09.622921
ECON7648477,764,4667,32,Boots,2025-04-12 09:23:09.622931
ECON7652211,765,1487,23,"Weapon, Health Potion",2025-04-07 09:23:09.622939
ECON7666177,766,3752,4,"Map, Boots, Health Potion",2025-04-20 09:23:09.622948
ECON7672780,767,2867,7,"Health Potion, Map",2025-04-01 09:23:09.622957
ECON7684671,768,4342,45,"Health Potion, Armor",2025-04-12 09:23:09.622966
ECON7694648,769,3803,93,Boots,2025-04-07 09:23:09.622974
ECON7705768,770,3285,60,"Boots, Armor, Health Potion",2025-04-20 09:23:09.622983
ECON7712113,771,969,59,Armor,2025-04-12 09:23:09.622991
ECON7724677,772,982,86,Armor,2025-04-03 09:23:09.623000
ECON7733831,773,4726,39,Weapon,2025-03-21 09:23:09.623008
ECON7746792,774,3750,18,Weapon,2025-04-05 09:23:09.623029
ECON7757674,775,1358,8,"Weapon, Boots",2025-03-21 09:23:09.623040
ECON7766395,776,3419,26,Weapon,2025-04-18 09:23:09.623048
ECON7773396,777,3098,95,"Armor, Boots, Map",2025-04-17 09:23:09.623057
ECON7785430,778,2237,86,"Boots, Map",2025-03-21 09:23:09.623109
ECON7793657,779,3559,95,"Weapon, Map",2025-03-27 09:23:09.623131
ECON7802067,780,3210,83,"Armor, Boots, Weapon",2025-03-22 09:23:09.623141
ECON7818761,781,4544,67,"Map, Health Potion, Weapon",2025-03-21 09:23:09.623153
ECON7825178,782,3840,60,"Boots, Health Potion",2025-03-27 09:23:09.623166
ECON7838411,783,4870,30,"Armor, Boots, Map",2025-04-01 09:23:09.623176
ECON7847267,784,4281,9,Armor,2025-03-25 09:23:09.623184
ECON7853802,785,1604,29,"Health Potion, Boots, Armor",2025-03-23 09:23:09.623194
ECON7867826,786,1463,77,"Health Potion, Armor",2025-03-28 09:23:09.623203
ECON7875497,787,2464,73,"Armor, Map",2025-04-11 09:23:09.623212
ECON7881759,788,1105,4,"Armor, Boots",2025-04-15 09:23:09.623221
ECON7898801,789,1817,23,"Weapon, Health Potion",2025-03-29 09:23:09.623230
ECON7904857,790,3533,92,"Boots, Armor, Weapon",2025-04-19 09:23:09.623239
ECON7912321,791,4109,44,Map,2025-04-19 09:23:09.623249
ECON7927540,792,1407,85,Map,2025-04-09 09:23:09.623259
ECON7933352,793,4572,62,"Boots, Weapon",2025-04-07 09:23:09.623268
ECON7943077,794,4135,45,"Health Potion, Map, Weapon",2025-04-05 09:23:09.623278
ECON7953494,795,2571,3,"Armor, Weapon",2025-03-29 09:23:09.623287
ECON7969723,796,586,6,Weapon,2025-03-22 09:23:09.623295
ECON7978048,797,2779,70,"Boots, Health Potion, Armor",2025-04-01 09:23:09.623305
ECON7986246,798,3819,44,Armor,2025-04-14 09:23:09.623313
ECON7999762,799,1167,98,"Boots, Map, Armor",2025-03-24 09:23:09.623323
ECON8007339,800,3995,49,Map,2025-04-05 09:23:09.623333
ECON8019394,801,1878,35,"Map, Health Potion, Armor",2025-03-22 09:23:09.623342
ECON8028668,802,4791,90,Boots,2025-04-06 09:23:09.623351
ECON8038395,803,4648,25,"Weapon, Health Potion, Map",2025-03-24 09:23:09.623360
ECON8047494,804,4300,6,"Health Potion, Boots",2025-04-20 09:23:09.623372
ECON8051360,805,3063,46,"Armor, Map",2025-04-16 09:23:09.623381
ECON8066310,806,4659,48,Weapon,2025-04-05 09:23:09.623389
ECON8073580,807,1609,75,"Map, Boots, Weapon",2025-04-14 09:23:09.623398
ECON8087702,808,2227,37,"Boots, Map, Armor",2025-03-21 09:23:09.623407
ECON8095992,809,3084,80,"Armor, Weapon, Map",2025-04-05 09:23:09.623416
ECON8104715,810,4360,66,"Armor, Weapon, Map",2025-04-18 09:23:09.623425
ECON8112844,811,2254,53,"Map, Armor",2025-03-27 09:23:09.623434
ECON8129822,812,2300,65,"Boots, Map",2025-04-06 09:23:09.623442
ECON8134009,813,994,83,"Health Potion, Weapon",2025-04-15 09:23:09.623451
ECON8143148,814,4302,14,"Health Potion, Boots, Armor",2025-04-16 09:23:09.623461
ECON8151753,815,2326,100,"Armor, Boots, Map",2025-04-18 09:23:09.623470
ECON8163573,816,1984,15,"Health Potion, Map, Boots",2025-03-24 09:23:09.623479
ECON8177465,817,3008,19,Weapon,2025-03-25 09:23:09.623488
ECON8184150,818,3786,23,Weapon,2025-04-16 09:23:09.623496
ECON8191118,819,1503,58,"Armor, Map",2025-03-28 09:23:09.623505
ECON8209969,820,4849,67,"Weapon, Armor",2025-03-26 09:23:09.623518
ECON8216144,821,4271,48,"Boots, Armor, Weapon",2025-04-07 09:23:09.623527
ECON8227400,822,3670,21,Health Potion,2025-04-10 09:23:09.623535
ECON8236259,823,3920,87,"Weapon, Boots",2025-03-25 09:23:09.623544
ECON8246320,824,3478,49,"Weapon, Boots, Armor",2025-03-27 09:23:09.623553
ECON8255110,825,1522,73,"Map, Boots, Weapon",2025-04-07 09:23:09.623565
ECON8269963,826,1543,22,Armor,2025-04-14 09:23:09.623573
ECON8276801,827,3756,67,"Map, Armor",2025-03-21 09:23:09.623838
ECON8286828,828,2957,27,"Weapon, Map",2025-04-17 09:23:09.623856
ECON8296770,829,2133,78,"Map, Armor",2025-04-12 09:23:09.623865
ECON8303901,830,2660,71,"Boots, Weapon, Health Potion",2025-04-11 09:23:09.623875
ECON8316090,831,2080,92,Weapon,2025-04-18 09:23:09.623884
ECON8329685,832,3547,4,"Boots, Weapon, Health Potion",2025-03-27 09:23:09.623893
ECON8338368,833,956,59,"Weapon, Armor, Boots",2025-04-01 09:23:09.623908
ECON8346560,834,2774,71,"Boots, Map",2025-04-06 09:23:09.623922
ECON8358285,835,3831,88,"Boots, Armor, Health Potion",2025-04-17 09:23:09.623931
ECON8364905,836,1959,59,Armor,2025-04-12 09:23:09.623940
ECON8375772,837,2601,47,"Armor, Health Potion, Boots",2025-03-22 09:23:09.623949
ECON8382400,838,1539,21,"Armor, Boots",2025-03-28 09:23:09.623969
ECON8399649,839,3295,31,Map,2025-03-29 09:23:09.623987
ECON8404686,840,3625,28,"Armor, Health Potion, Map",2025-04-18 09:23:09.623997
ECON8416309,841,2788,90,"Weapon, Armor",2025-04-04 09:23:09.624006
ECON8429065,842,4054,92,Health Potion,2025-04-18 09:23:09.624014
ECON8431572,843,599,60,Health Potion,2025-04-12 09:23:09.624023
ECON8449683,844,4176,2,"Boots, Health Potion",2025-04-10 09:23:09.624032
ECON8451089,845,2783,99,"Weapon, Armor, Boots",2025-04-19 09:23:09.624041
ECON8469758,846,2700,63,Armor,2025-04-18 09:23:09.624050
ECON8471650,847,782,50,"Armor, Map",2025-03-31 09:23:09.624058
ECON8481174,848,2026,66,"Weapon, Armor, Map",2025-04-13 09:23:09.624067
ECON8493899,849,1111,25,"Map, Armor, Health Potion",2025-03-26 09:23:09.624090
ECON8503772,850,4448,94,"Boots, Map",2025-04-16 09:23:09.624106
ECON8518648,851,2548,48,Armor,2025-04-01 09:23:09.624121
ECON8526900,852,1120,46,Health Potion,2025-04-15 09:23:09.624136
ECON8539715,853,2281,89,Health Potion,2025-04-01 09:23:09.624151
ECON8548377,854,1617,46,"Armor, Boots, Weapon",2025-04-12 09:23:09.624169
ECON8553778,855,1882,8,Armor,2025-04-14 09:23:09.624179
ECON8566205,856,3245,21,Health Potion,2025-03-31 09:23:09.624189
ECON8571654,857,1557,49,Boots,2025-04-02 09:23:09.624198
ECON8584229,858,2591,89,Boots,2025-04-19 09:23:09.624206
ECON8599359,859,4065,94,"Armor, Boots, Weapon",2025-03-27 09:23:09.624217
ECON8602294,860,839,44,Health Potion,2025-04-10 09:23:09.624226
ECON8615532,861,3770,26,Weapon,2025-03-26 09:23:09.624234
ECON8629452,862,3013,83,"Weapon, Map",2025-04-05 09:23:09.624246
ECON8634944,863,2940,74,"Armor, Map",2025-04-05 09:23:09.624255
ECON8648688,864,3987,31,"Armor, Map",2025-04-06 09:23:09.624264
ECON8655793,865,4886,19,"Map, Weapon",2025-04-13 09:23:09.624272
ECON8669850,866,2514,47,Armor,2025-03-25 09:23:09.624280
ECON8674617,867,2049,11,"Map, Weapon",2025-04-01 09:23:09.624289
ECON8685560,868,3961,44,Boots,2025-04-18 09:23:09.624298
ECON8692611,869,4586,42,"Map, Weapon",2025-03-21 09:23:09.624307
ECON8706983,870,4914,81,"Map, Health Potion, Weapon",2025-04-15 09:23:09.624316
ECON8719429,871,3580,13,"Health Potion, Weapon, Boots",2025-04-08 09:23:09.624325
ECON8721353,872,3207,71,Weapon,2025-04-07 09:23:09.624334
ECON8731761,873,2510,6,"Armor, Weapon, Health Potion",2025-04-14 09:23:09.624344
ECON8742615,874,2385,39,Map,2025-03-29 09:23:09.624353
ECON8756028,875,2806,75,Armor,2025-03-28 09:23:09.624361
ECON8762258,876,3349,95,"Map, Health Potion",2025-03-31 09:23:09.624369
ECON8777092,877,1669,15,Health Potion,2025-04-15 09:23:09.624378
ECON8785856,878,2374,13,"Health Potion, Armor",2025-03-28 09:23:09.624389
ECON8797057,879,1886,14,"Boots, Weapon",2025-03-29 09:23:09.624398
ECON8804192,880,3514,44,"Map, Boots, Weapon",2025-03-30 09:23:09.624410
ECON8818528,881,4491,29,Armor,2025-03-26 09:23:09.624418
ECON8822551,882,3131,51,"Weapon, Health Potion, Boots",2025-03-29 09:23:09.624427
ECON8838875,883,4526,40,Map,2025-04-16 09:23:09.624436
ECON8842585,884,2698,45,Boots,2025-04-02 09:23:09.624444
ECON8859640,885,3554,41,"Armor, Weapon",2025-04-03 09:23:09.624453
ECON8869068,886,2176,24,"Health Potion, Weapon, Map",2025-03-27 09:23:09.624463
ECON8877282,887,1663,25,"Boots, Armor",2025-04-10 09:23:09.624471
ECON8887498,888,3963,34,"Health Potion, Boots",2025-04-20 09:23:09.624480
ECON8899161,889,4356,15,Health Potion,2025-04-03 09:23:09.624489
ECON8907166,890,738,99,Boots,2025-03-23 09:23:09.624497
ECON8914371,891,3448,80,"Weapon, Map, Armor",2025-04-13 09:23:09.624506
ECON8925661,892,1741,26,Armor,2025-04-06 09:23:09.624515
ECON8931771,893,1242,46,"Health Potion, Armor",2025-03-31 09:23:09.624523
ECON8948963,894,4688,8,"Map, Armor",2025-04-12 09:23:09.624532
ECON8956831,895,3149,73,"Boots, Armor",2025-04-08 09:23:09.624541
ECON8966523,896,4122,57,Map,2025-04-09 09:23:09.624549
ECON8974514,897,3434,30,"Boots, Weapon",2025-04-04 09:23:09.624558
ECON8981173,898,1701,61,"Boots, Map",2025-03-23 09:23:09.624569
ECON8999684,899,1823,23,Boots,2025-04-09 09:23:09.624578
ECON9001955,900,757,33,"Boots, Health Potion",2025-04-10 09:23:09.624586
ECON9018372,901,3250,55,"Armor, Health Potion",2025-04-17 09:23:09.624596
ECON9021817,902,3697,78,"Health Potion, Weapon, Map",2025-03-22 09:23:09.624605
ECON9033685,903,3328,45,"Health Potion, Boots",2025-04-04 09:23:09.624614
ECON9048046,904,3214,64,"Armor, Map, Boots",2025-04-12 09:23:09.624623
ECON9051053,905,3149,24,"Weapon, Boots",2025-03-23 09:23:09.624635
ECON9067416,906,2941,20,"Armor, Map",2025-04-05 09:23:09.624644
ECON9074816,907,888,89,"Map, Boots",2025-03-28 09:23:09.624653
ECON9086704,908,1089,64,"Weapon, Health Potion",2025-03-30 09:23:09.624662
ECON9096420,909,4960,52,"Weapon, Armor",2025-04-19 09:23:09.624671
ECON9104448,910,3369,88,"Weapon, Map, Armor",2025-04-03 09:23:09.624682
ECON9112458,911,2628,6,"Health Potion, Boots",2025-03-26 09:23:09.624692
ECON9127562,912,1002,73,"Boots, Weapon",2025-04-09 09:23:09.624700
ECON9138121,913,1093,77,Weapon,2025-03-23 09:23:09.624709
ECON9146341,914,938,4,"Map, Boots",2025-03-27 09:23:09.624717
ECON9152925,915,4798,32,Map,2025-04-05 09:23:09.624725
ECON9161090,916,3403,9,"Map, Boots",2025-03-23 09:23:09.624734
ECON9175426,917,2930,82,Health Potion,2025-04-13 09:23:09.624745
ECON9189476,918,4355,9,Weapon,2025-04-01 09:23:09.624753
ECON9193822,919,1185,59,"Boots, Armor, Map",2025-04-05 09:23:09.624762
ECON9204881,920,1989,58,Boots,2025-04-08 09:23:09.624774
ECON9214855,921,1869,97,Weapon,2025-04-20 09:23:09.624783
ECON9226060,922,4142,23,Armor,2025-04-03 09:23:09.624791
ECON9238331,923,2410,94,Weapon,2025-03-23 09:23:09.624800
ECON9245468,924,4605,55,"Health Potion, Boots",2025-04-09 09:23:09.624809
ECON9257601,925,4883,16,"Weapon, Health Potion",2025-03-26 09:23:09.624818
ECON9265230,926,1774,56,"Boots, Map, Weapon",2025-03-22 09:23:09.624827
ECON9277274,927,657,50,"Map, Health Potion",2025-03-23 09:23:09.624837
ECON9288440,928,1188,27,"Boots, Armor, Health Potion",2025-03-28 09:23:09.624846
ECON9296248,929,536,99,Boots,2025-04-04 09:23:09.624854
ECON9304314,930,2929,42,Boots,2025-04-08 09:23:09.624865
ECON9316501,931,2951,16,"Armor, Weapon",2025-04-20 09:23:09.624874
ECON9325050,932,1075,1,"Map, Health Potion",2025-04-15 09:23:09.624883
ECON9336462,933,2638,36,"Weapon, Boots",2025-03-26 09:23:09.624892
ECON9348981,934,4093,51,"Health Potion, Armor, Map",2025-03-26 09:23:09.624901
ECON9353336,935,1902,79,Map,2025-04-15 09:23:09.624909
ECON9361120,936,4650,39,"Boots, Map, Weapon",2025-04-09 09:23:09.624918
ECON9377410,937,3374,35,"Boots, Armor, Map",2025-03-25 09:23:09.624930
ECON9383105,938,4665,35,"Weapon, Health Potion",2025-04-13 09:23:09.624939
ECON9396271,939,4686,64,Armor,2025-04-18 09:23:09.624948
ECON9405273,940,2591,43,Weapon,2025-04-10 09:23:09.624956
ECON9415482,941,2656,80,"Health Potion, Boots, Armor",2025-04-09 09:23:09.624965
ECON9425777,942,4414,9,Health Potion,2025-04-12 09:23:09.624974
ECON9434438,943,3044,12,Map,2025-03-26 09:23:09.624982
ECON9442506,944,635,25,"Health Potion, Boots, Map",2025-04-04 09:23:09.624991
ECON9454149,945,688,12,"Boots, Armor, Health Potion",2025-04-15 09:23:09.625001
ECON9462120,946,4230,4,"Map, Armor, Health Potion",2025-04-13 09:23:09.625010
ECON9472331,947,3597,28,"Health Potion, Weapon, Armor",2025-04-19 09:23:09.625019
ECON9487500,948,501,16,Health Potion,2025-03-31 09:23:09.625028
ECON9498169,949,3986,40,Health Potion,2025-03-27 09:23:09.625036
ECON9504856,950,502,18,"Map, Boots",2025-04-14 09:23:09.625045
ECON9513436,951,1886,5,"Armor, Health Potion, Boots",2025-03-29 09:23:09.625054
ECON9523935,952,1251,40,Health Potion,2025-04-19 09:23:09.625063
ECON9535573,953,1758,53,Map,2025-04-04 09:23:09.625078
ECON9546347,954,2927,90,"Weapon, Health Potion, Boots",2025-04-15 09:23:09.625087
ECON9558381,955,2657,72,"Boots, Armor, Weapon",2025-04-04 09:23:09.625096
ECON9564738,956,2983,37,"Weapon, Boots",2025-04-05 09:23:09.625108
ECON9575186,957,3608,87,"Armor, Health Potion",2025-04-16 09:23:09.625119
ECON9583076,958,3364,85,"Weapon, Armor",2025-04-09 09:23:09.625128
ECON9591344,959,585,99,"Weapon, Map, Boots",2025-03-24 09:23:09.625137
ECON9609072,960,3337,94,"Boots, Weapon, Armor",2025-04-09 09:23:09.625147
ECON9619722,961,4102,79,"Boots, Weapon",2025-04-06 09:23:09.625156
ECON9626907,962,4939,54,Map,2025-04-09 09:23:09.625164
ECON9638317,963,507,45,"Armor, Map",2025-04-03 09:23:09.625173
ECON9648311,964,959,44,"Armor, Weapon, Health Potion",2025-04-15 09:23:09.625182
ECON9652258,965,4429,48,Health Potion,2025-04-01 09:23:09.625190
ECON9668753,966,1277,57,"Map, Health Potion",2025-04-12 09:23:09.625199
ECON9672524,967,788,54,"Boots, Map",2025-04-20 09:23:09.625208
ECON9686086,968,2746,7,"Armor, Weapon, Boots",2025-04-02 09:23:09.625217
ECON9692852,969,1861,48,"Armor, Boots",2025-04-11 09:23:09.625226
ECON9704305,970,2851,78,Health Potion,2025-04-14 09:23:09.625234
ECON9717521,971,4306,50,"Weapon, Health Potion, Map",2025-03-29 09:23:09.625244
ECON9729111,972,1189,85,"Map, Weapon",2025-03-21 09:23:09.625253
ECON9735163,973,764,12,"Boots, Health Potion, Weapon",2025-04-04 09:23:09.625262
ECON9743211,974,3376,81,"Armor, Health Potion, Map",2025-04-18 09:23:09.625333
ECON9751373,975,1276,92,Weapon,2025-04-02 09:23:09.625343
ECON9762406,976,2561,17,"Armor, Map",2025-03-29 09:23:09.625356
ECON9779946,977,851,4,"Health Potion, Boots, Armor",2025-03-24 09:23:09.625365
ECON9784780,978,2883,71,"Health Potion, Armor",2025-04-06 09:23:09.625374
ECON9798034,979,1941,10,"Weapon, Boots",2025-03-25 09:23:09.625383
ECON9801760,980,3580,74,Armor,2025-03-26 09:23:09.625391
ECON9814185,981,3180,23,"Health Potion, Map, Weapon",2025-04-17 09:23:09.625400
ECON9828165,982,4004,8,"Armor, Weapon",2025-04-10 09:23:09.625412
ECON9833075,983,4014,65,Map,2025-04-08 09:23:09.625423
ECON9847477,984,4578,12,Map,2025-03-24 09:23:09.625431
ECON9853309,985,1725,51,Armor,2025-04-01 09:23:09.625439
ECON9861989,986,2219,5,Armor,2025-04-04 09:23:09.625447
ECON9871349,987,4870,53,"Weapon, Health Potion",2025-04-16 09:23:09.625456
ECON9887932,988,3902,43,"Health Potion, Armor",2025-03-27 09:23:09.625465
ECON9898072,989,4833,86,Armor,2025-04-10 09:23:09.625474
ECON9906932,990,4091,57,"Boots, Map, Weapon",2025-04-17 09:23:09.625484
ECON9917740,991,1222,24,"Health Potion, Boots, Armor",2025-03-26 09:23:09.625493
ECON9928398,992,3352,96,"Weapon, Health Potion",2025-03-31 09:23:09.625502
ECON9938618,993,4612,78,"Boots, Weapon, Health Potion",2025-04-11 09:23:09.625511
ECON9945758,994,1078,14,"Armor, Map",2025-03-28 09:23:09.625520
ECON9951862,995,951,30,"Weapon, Boots",2025-03-28 09:23:09.625534
ECON9961785,996,2805,87,"Map, Weapon",2025-03-23 09:23:09.625543
ECON9976137,997,1667,17,Health Potion,2025-04-20 09:23:09.625551
ECON9987561,998,2756,47,"Map, Weapon, Armor",2025-04-05 09:23:09.625560
ECON9999740,999,1836,61,"Health Potion, Armor",2025-04-03 09:23:09.625568
ECON10001549,1000,4189,7,"Boots, Health Potion, Weapon",2025-04-01 09:23:09.625577
