hunter_id,travel_id,from_realm,to_realm,timestamp
H-1390,T1000,Forest,Mountain,2025-04-22 11:48:15.954128
H-1672,T1001,Forest,Jungle,2025-05-02 06:48:15.955130
H-1162,T1002,Desert,Forest,2025-05-19 00:48:15.955194
H-1705,T1003,Desert,Forest,2025-05-30 06:48:15.955233
H-1810,T1004,Desert,Jungle,2025-05-14 03:48:15.955265
H-1199,T1005,Arctic,Forest,2025-05-21 20:48:15.955312
H-1914,T1006,Forest,Mountain,2025-05-25 22:48:15.955343
H-1971,T1007,Forest,Desert,2025-05-12 01:48:15.955367
H-1434,T1008,Jungle,Desert,2025-05-31 00:48:15.955391
H-1079,T1009,Jungle,Arctic,2025-05-10 23:48:15.955415
H-1843,T1010,Mountain,Desert,2025-05-25 02:48:15.955439
H-1528,T1011,Mountain,Desert,2025-05-09 14:48:15.955465
H-1181,T1012,Arctic,Forest,2025-04-24 17:48:15.955489
H-1533,T1013,Forest,Desert,2025-05-07 12:48:15.955512
H-1136,T1014,Arctic,Forest,2025-05-08 09:48:15.955536
H-1891,T1015,Mountain,Jungle,2025-04-29 17:48:15.955559
H-1645,T1016,Forest,Jungle,2025-05-12 13:48:15.955583
H-1022,T1017,Desert,Forest,2025-04-21 13:48:15.955606
H-1089,T1018,Mountain,Jungle,2025-05-24 13:48:15.955630
H-1301,T1019,Jungle,Mountain,2025-05-26 03:48:15.955653
H-1889,T1020,Arctic,Desert,2025-05-19 13:48:15.955676
H-1719,T1021,Jungle,Mountain,2025-04-27 15:48:15.955699
H-1294,T1022,Arctic,Desert,2025-05-05 13:48:15.955722
H-1864,T1023,Arctic,Jungle,2025-05-03 18:48:15.955744
H-1649,T1024,Desert,Forest,2025-04-22 12:48:15.955766
H-1339,T1025,Arctic,Jungle,2025-05-06 06:48:15.955788
H-1481,T1026,Jungle,Forest,2025-05-19 13:48:15.955815
H-1952,T1027,Arctic,Mountain,2025-04-25 19:48:15.955839
H-1189,T1028,Desert,Forest,2025-05-20 22:48:15.955862
H-1210,T1029,Arctic,Jungle,2025-04-27 17:48:15.955885
H-1038,T1030,Arctic,Desert,2025-05-10 10:48:15.955908
H-1438,T1031,Arctic,Desert,2025-04-22 19:48:15.955930
H-1677,T1032,Arctic,Jungle,2025-05-20 11:48:15.955953
H-1198,T1033,Mountain,Desert,2025-05-31 14:48:15.955975
H-1688,T1034,Desert,Mountain,2025-05-13 17:48:15.955998
H-1552,T1035,Arctic,Jungle,2025-05-02 10:48:15.956020
H-1573,T1036,Jungle,Mountain,2025-05-20 05:48:15.956042
H-1497,T1037,Arctic,Jungle,2025-05-08 22:48:15.956064
H-1489,T1038,Jungle,Mountain,2025-05-16 17:48:15.956085
H-1335,T1039,Jungle,Forest,2025-05-15 04:48:15.956107
H-1689,T1040,Forest,Arctic,2025-05-10 12:48:15.956129
H-1037,T1041,Desert,Jungle,2025-05-14 09:48:15.956152
H-1249,T1042,Forest,Arctic,2025-05-03 03:48:15.956173
H-1184,T1043,Mountain,Arctic,2025-04-22 19:48:15.956195
H-1977,T1044,Desert,Jungle,2025-05-02 16:48:15.956218
H-1632,T1045,Desert,Mountain,2025-05-12 03:48:15.956239
H-1128,T1046,Jungle,Mountain,2025-05-14 05:48:15.956261
H-1032,T1047,Forest,Mountain,2025-05-14 18:48:15.956282
H-1823,T1048,Forest,Desert,2025-05-22 15:48:15.956303
H-1296,T1049,Jungle,Desert,2025-05-10 14:48:15.956324
H-1519,T1050,Jungle,Mountain,2025-04-26 12:48:15.956345
H-1943,T1051,Desert,Forest,2025-05-17 08:48:15.956367
H-1940,T1052,Mountain,Forest,2025-05-03 07:48:15.956388
H-1202,T1053,Forest,Arctic,2025-05-21 04:48:15.956412
H-1315,T1054,Jungle,Desert,2025-05-30 06:48:15.956434
H-1017,T1055,Jungle,Forest,2025-05-19 15:48:15.956456
H-1472,T1056,Desert,Forest,2025-05-30 21:48:15.956478
H-1736,T1057,Jungle,Mountain,2025-05-21 01:48:15.956502
H-1949,T1058,Arctic,Desert,2025-04-23 00:48:15.956524
H-1092,T1059,Desert,Forest,2025-05-27 09:48:15.956546
H-1829,T1060,Mountain,Jungle,2025-05-21 09:48:15.956567
H-1279,T1061,Forest,Arctic,2025-05-25 04:48:15.956589
H-1988,T1062,Arctic,Desert,2025-05-02 14:48:15.956612
H-1994,T1063,Mountain,Jungle,2025-04-29 21:48:15.956633
H-1306,T1064,Arctic,Mountain,2025-05-07 21:48:15.956655
H-1430,T1065,Forest,Desert,2025-05-07 05:48:15.956681
H-1719,T1066,Jungle,Desert,2025-05-24 01:48:15.956703
H-1872,T1067,Mountain,Jungle,2025-05-26 20:48:15.956725
H-1078,T1068,Desert,Mountain,2025-05-02 07:48:15.956746
H-1556,T1069,Arctic,Mountain,2025-05-08 11:48:15.956768
H-1508,T1070,Forest,Desert,2025-05-15 18:48:15.956789
H-1661,T1071,Jungle,Forest,2025-05-27 00:48:15.956810
H-1991,T1072,Mountain,Desert,2025-05-25 17:48:15.956831
H-1422,T1073,Mountain,Jungle,2025-04-30 01:48:15.956853
H-1278,T1074,Jungle,Arctic,2025-04-28 00:48:15.956874
H-1617,T1075,Arctic,Desert,2025-05-03 12:48:15.956896
H-1713,T1076,Jungle,Arctic,2025-04-27 06:48:15.956917
H-1738,T1077,Arctic,Mountain,2025-05-27 03:48:15.956943
H-1966,T1078,Arctic,Desert,2025-04-22 06:48:15.956992
H-1749,T1079,Forest,Jungle,2025-05-21 07:48:15.957015
H-1993,T1080,Jungle,Arctic,2025-05-13 17:48:15.957037
H-1431,T1081,Mountain,Arctic,2025-04-21 05:48:15.957059
H-1498,T1082,Forest,Arctic,2025-05-25 14:48:15.957081
H-1815,T1083,Jungle,Desert,2025-05-05 22:48:15.957103
H-1219,T1084,Arctic,Jungle,2025-05-21 02:48:15.957124
H-1900,T1085,Arctic,Desert,2025-05-24 07:48:15.957146
H-1403,T1086,Mountain,Jungle,2025-04-25 11:48:15.957167
H-1273,T1087,Jungle,Mountain,2025-05-03 18:48:15.957189
H-1046,T1088,Mountain,Desert,2025-05-01 19:48:15.957211
H-1343,T1089,Jungle,Mountain,2025-05-15 09:48:15.957232
H-1219,T1090,Mountain,Forest,2025-05-15 12:48:15.957253
H-1331,T1091,Arctic,Jungle,2025-04-30 15:48:15.957275
H-1062,T1092,Arctic,Desert,2025-05-31 17:48:15.957297
H-1147,T1093,Jungle,Arctic,2025-05-23 08:48:15.957321
H-1821,T1094,Desert,Jungle,2025-05-14 16:48:15.957342
H-1265,T1095,Mountain,Jungle,2025-04-21 15:48:15.957364
H-1647,T1096,Forest,Mountain,2025-05-26 14:48:15.957385
H-1699,T1097,Jungle,Arctic,2025-05-28 21:48:15.957407
H-1438,T1098,Mountain,Arctic,2025-05-05 21:48:15.957429
H-1538,T1099,Arctic,Forest,2025-05-04 11:48:15.957451
H-1354,T1100,Forest,Jungle,2025-05-13 22:48:15.957473
H-1152,T1101,Mountain,Desert,2025-05-30 04:48:15.957494
H-1124,T1102,Arctic,Forest,2025-05-29 03:48:15.957516
H-1587,T1103,Jungle,Arctic,2025-05-30 03:48:15.957537
H-1999,T1104,Forest,Desert,2025-05-10 20:48:15.957559
H-1142,T1105,Forest,Desert,2025-05-05 17:48:15.957580
H-1103,T1106,Arctic,Desert,2025-05-25 05:48:15.957602
H-1077,T1107,Forest,Jungle,2025-04-27 19:48:15.957624
H-1647,T1108,Desert,Forest,2025-04-28 21:48:15.957645
H-1423,T1109,Jungle,Mountain,2025-05-15 18:48:15.957669
H-1334,T1110,Desert,Forest,2025-04-27 03:48:15.957690
H-1874,T1111,Mountain,Arctic,2025-05-26 18:48:15.957711
H-1751,T1112,Mountain,Desert,2025-05-10 01:48:15.957732
H-1462,T1113,Jungle,Mountain,2025-05-08 15:48:15.957756
H-1410,T1114,Forest,Mountain,2025-05-23 02:48:15.957777
H-1152,T1115,Desert,Forest,2025-04-26 19:48:15.957800
H-1365,T1116,Desert,Jungle,2025-05-19 05:48:15.957821
H-1045,T1117,Forest,Jungle,2025-04-29 17:48:15.957842
H-1419,T1118,Arctic,Forest,2025-05-09 04:48:15.957864
H-1091,T1119,Mountain,Forest,2025-04-27 11:48:15.957885
H-1426,T1120,Arctic,Jungle,2025-04-21 18:48:15.957909
H-1478,T1121,Mountain,Desert,2025-05-02 22:48:15.957931
H-1275,T1122,Jungle,Mountain,2025-04-28 21:48:15.957953
H-1071,T1123,Forest,Arctic,2025-04-24 06:48:15.957974
H-1674,T1124,Forest,Mountain,2025-05-25 14:48:15.957995
H-1086,T1125,Mountain,Jungle,2025-05-07 02:48:15.958017
H-1103,T1126,Forest,Jungle,2025-04-28 11:48:15.958039
H-1694,T1127,Arctic,Desert,2025-05-25 06:48:15.958060
H-1123,T1128,Jungle,Arctic,2025-05-18 20:48:15.958082
H-1509,T1129,Jungle,Forest,2025-05-31 08:48:15.958106
H-1467,T1130,Mountain,Forest,2025-05-02 01:48:15.958127
H-1021,T1131,Forest,Jungle,2025-05-28 14:48:15.958149
H-1301,T1132,Mountain,Arctic,2025-04-29 15:48:15.958171
H-1901,T1133,Desert,Jungle,2025-05-24 18:48:15.958193
H-1367,T1134,Mountain,Jungle,2025-05-01 22:48:15.958214
H-1902,T1135,Arctic,Jungle,2025-05-19 14:48:15.958235
H-1220,T1136,Mountain,Jungle,2025-05-15 17:48:15.958257
H-1155,T1137,Arctic,Forest,2025-05-28 13:48:15.958279
H-1977,T1138,Desert,Forest,2025-04-27 11:48:15.958300
H-1520,T1139,Arctic,Jungle,2025-05-22 05:48:15.958323
H-1090,T1140,Forest,Desert,2025-05-28 11:48:15.958344
H-1303,T1141,Mountain,Arctic,2025-04-22 16:48:15.958365
H-1716,T1142,Jungle,Desert,2025-05-07 08:48:15.958386
H-1427,T1143,Mountain,Jungle,2025-04-27 00:48:15.958408
H-1864,T1144,Jungle,Forest,2025-05-10 19:48:15.958429
H-1193,T1145,Mountain,Desert,2025-05-23 02:48:15.958451
H-1922,T1146,Arctic,Mountain,2025-05-21 19:48:15.958472
H-1403,T1147,Jungle,Arctic,2025-05-28 00:48:15.958493
H-1932,T1148,Desert,Forest,2025-05-16 10:48:15.958514
H-1230,T1149,Forest,Jungle,2025-05-29 14:48:15.958538
H-1648,T1150,Desert,Forest,2025-05-25 06:48:15.958559
H-1343,T1151,Jungle,Forest,2025-05-31 03:48:15.958580
H-1888,T1152,Jungle,Forest,2025-05-19 06:48:15.958602
H-1874,T1153,Forest,Mountain,2025-04-29 18:48:15.958623
H-1771,T1154,Mountain,Jungle,2025-05-31 13:48:15.958644
H-1250,T1155,Desert,Forest,2025-05-08 05:48:15.958666
H-1158,T1156,Jungle,Forest,2025-05-31 22:48:15.958687
H-1620,T1157,Arctic,Jungle,2025-05-14 09:48:15.958709
H-1892,T1158,Jungle,Forest,2025-05-26 04:48:15.958730
H-1675,T1159,Arctic,Mountain,2025-05-21 02:48:15.958752
H-1300,T1160,Forest,Jungle,2025-05-14 02:48:15.958773
H-1133,T1161,Desert,Forest,2025-05-23 08:48:15.958796
H-1183,T1162,Arctic,Mountain,2025-05-29 15:48:15.958817
H-1890,T1163,Mountain,Forest,2025-05-11 20:48:15.958839
H-1893,T1164,Forest,Arctic,2025-05-06 07:48:15.958860
H-1394,T1165,Forest,Mountain,2025-05-06 15:48:15.958882
H-1849,T1166,Mountain,Arctic,2025-05-08 09:48:15.958904
H-1591,T1167,Forest,Mountain,2025-05-19 20:48:15.958925
H-1451,T1168,Forest,Jungle,2025-04-27 09:48:15.958946
H-1062,T1169,Mountain,Jungle,2025-05-14 00:48:15.958968
H-1023,T1170,Forest,Desert,2025-04-28 20:48:15.958989
H-1921,T1171,Desert,Forest,2025-05-06 05:48:15.959010
H-1659,T1172,Forest,Jungle,2025-04-28 16:48:15.959031
H-1957,T1173,Jungle,Desert,2025-05-06 12:48:15.959054
H-1104,T1174,Forest,Desert,2025-05-17 17:48:15.959076
H-1417,T1175,Arctic,Forest,2025-04-29 09:48:15.959098
H-1865,T1176,Forest,Desert,2025-04-24 16:48:15.959118
H-1999,T1177,Desert,Forest,2025-05-14 11:48:15.959140
H-1414,T1178,Arctic,Desert,2025-04-22 11:48:15.959161
H-1867,T1179,Arctic,Desert,2025-05-23 00:48:15.959183
H-1320,T1180,Jungle,Forest,2025-05-03 20:48:15.959204
H-1589,T1181,Forest,Jungle,2025-04-23 08:48:15.959225
H-1748,T1182,Jungle,Mountain,2025-04-21 18:48:15.959247
H-1374,T1183,Jungle,Arctic,2025-04-22 17:48:15.959269
H-1021,T1184,Mountain,Desert,2025-04-27 02:48:15.959291
H-1924,T1185,Arctic,Desert,2025-05-29 03:48:15.959312
H-1378,T1186,Arctic,Desert,2025-05-31 23:48:15.959334
H-1360,T1187,Forest,Mountain,2025-05-06 09:48:15.959356
H-1951,T1188,Mountain,Jungle,2025-05-23 14:48:15.959377
H-1006,T1189,Mountain,Desert,2025-05-08 15:48:15.959399
H-1725,T1190,Jungle,Mountain,2025-05-23 14:48:15.959420
H-1817,T1191,Jungle,Mountain,2025-05-06 03:48:15.959442
H-1283,T1192,Jungle,Desert,2025-04-27 20:48:15.959463
H-1648,T1193,Desert,Mountain,2025-05-27 08:48:15.959485
H-1070,T1194,Jungle,Arctic,2025-05-16 10:48:15.959507
H-1684,T1195,Mountain,Desert,2025-05-29 10:48:15.959528
H-1382,T1196,Mountain,Desert,2025-04-26 13:48:15.959549
H-1285,T1197,Desert,Forest,2025-05-31 07:48:15.959571
H-1854,T1198,Jungle,Mountain,2025-05-08 23:48:15.959592
H-1445,T1199,Jungle,Forest,2025-05-29 13:48:15.959614
H-1934,T1200,Jungle,Arctic,2025-05-31 20:48:15.959635
H-1099,T1201,Desert,Forest,2025-05-31 11:48:15.959669
H-1778,T1202,Mountain,Arctic,2025-05-28 22:48:15.959691
H-1485,T1203,Arctic,Forest,2025-05-21 02:48:15.959713
H-1393,T1204,Jungle,Arctic,2025-05-28 13:48:15.959735
H-1971,T1205,Jungle,Arctic,2025-05-05 14:48:15.959756
H-1001,T1206,Desert,Mountain,2025-05-18 05:48:15.959778
H-1435,T1207,Jungle,Arctic,2025-05-31 04:48:15.959800
H-1862,T1208,Arctic,Desert,2025-05-19 09:48:15.959822
H-1334,T1209,Mountain,Forest,2025-04-29 14:48:15.959844
H-1934,T1210,Arctic,Desert,2025-05-18 22:48:15.959865
H-1795,T1211,Mountain,Desert,2025-05-18 18:48:15.959886
H-1695,T1212,Jungle,Arctic,2025-04-22 04:48:15.959908
H-1866,T1213,Mountain,Arctic,2025-05-19 00:48:15.959930
H-1831,T1214,Mountain,Forest,2025-05-11 20:48:15.959951
H-1261,T1215,Mountain,Desert,2025-04-27 20:48:15.959974
H-1199,T1216,Desert,Mountain,2025-05-18 23:48:15.959996
H-1993,T1217,Jungle,Mountain,2025-05-11 08:48:15.960017
H-1828,T1218,Mountain,Arctic,2025-05-22 16:48:15.960038
H-1475,T1219,Forest,Arctic,2025-05-10 19:48:15.960060
H-1969,T1220,Desert,Mountain,2025-05-20 20:48:15.960081
H-1209,T1221,Forest,Arctic,2025-05-06 09:48:15.960103
H-1636,T1222,Arctic,Jungle,2025-05-14 18:48:15.960125
H-1209,T1223,Desert,Forest,2025-05-30 13:48:15.960146
H-1698,T1224,Desert,Mountain,2025-04-23 01:48:15.960168
H-1942,T1225,Mountain,Desert,2025-05-31 16:48:15.960191
H-1226,T1226,Jungle,Forest,2025-05-17 16:48:15.960213
H-1960,T1227,Arctic,Desert,2025-05-10 12:48:15.960235
H-1821,T1228,Jungle,Mountain,2025-05-19 14:48:15.960256
H-1191,T1229,Jungle,Desert,2025-04-23 14:48:15.960278
H-1865,T1230,Arctic,Forest,2025-05-03 06:48:15.960299
H-1539,T1231,Arctic,Desert,2025-04-21 12:48:15.960321
H-1213,T1232,Desert,Forest,2025-04-22 13:48:15.960342
H-1972,T1233,Forest,Mountain,2025-05-11 20:48:15.960367
H-1038,T1234,Forest,Desert,2025-05-07 13:48:15.960390
H-1918,T1235,Arctic,Desert,2025-05-23 21:48:15.960412
H-1567,T1236,Jungle,Forest,2025-04-28 19:48:15.960433
H-1635,T1237,Forest,Desert,2025-05-13 03:48:15.960455
H-1344,T1238,Jungle,Arctic,2025-05-29 17:48:15.960477
H-1512,T1239,Jungle,Forest,2025-04-21 01:48:15.960499
H-1859,T1240,Mountain,Forest,2025-05-06 04:48:15.960520
H-1589,T1241,Forest,Jungle,2025-05-26 21:48:15.960542
H-1429,T1242,Forest,Mountain,2025-04-27 15:48:15.960564
H-1032,T1243,Forest,Arctic,2025-05-27 15:48:15.960586
H-1007,T1244,Desert,Arctic,2025-05-09 02:48:15.960608
H-1049,T1245,Forest,Mountain,2025-04-26 23:48:15.960630
H-1419,T1246,Mountain,Jungle,2025-05-09 19:48:15.960652
H-1069,T1247,Mountain,Jungle,2025-04-25 20:48:15.960685
H-1269,T1248,Forest,Arctic,2025-05-13 19:48:15.960708
H-1348,T1249,Forest,Mountain,2025-04-29 18:48:15.960730
H-1760,T1250,Mountain,Jungle,2025-05-26 23:48:15.960752
H-1939,T1251,Mountain,Arctic,2025-05-03 09:48:15.960774
H-1648,T1252,Arctic,Desert,2025-05-01 09:48:15.960796
H-1407,T1253,Forest,Arctic,2025-05-22 04:48:15.960855
H-1646,T1254,Forest,Jungle,2025-04-29 03:48:15.960878
H-1064,T1255,Jungle,Arctic,2025-04-27 01:48:15.960900
H-1682,T1256,Desert,Mountain,2025-05-30 18:48:15.960922
H-1197,T1257,Mountain,Jungle,2025-04-23 21:48:15.960944
H-1070,T1258,Desert,Jungle,2025-05-01 12:48:15.960966
H-1996,T1259,Arctic,Desert,2025-05-04 21:48:15.960988
H-1693,T1260,Forest,Mountain,2025-05-21 14:48:15.961010
H-1708,T1261,Forest,Desert,2025-05-20 04:48:15.961031
H-1317,T1262,Forest,Arctic,2025-05-26 14:48:15.961053
H-1017,T1263,Desert,Arctic,2025-05-15 22:48:15.961075
H-1053,T1264,Arctic,Forest,2025-04-23 04:48:15.961096
H-1397,T1265,Jungle,Arctic,2025-04-30 01:48:15.961118
H-1919,T1266,Desert,Jungle,2025-04-30 18:48:15.961139
H-1973,T1267,Forest,Arctic,2025-05-13 04:48:15.961160
H-1081,T1268,Forest,Arctic,2025-05-14 09:48:15.961181
H-1467,T1269,Forest,Jungle,2025-04-20 14:48:15.961205
H-1400,T1270,Jungle,Mountain,2025-05-14 16:48:15.961227
H-1987,T1271,Jungle,Forest,2025-05-23 04:48:15.961247
H-1816,T1272,Jungle,Forest,2025-05-10 22:48:15.961269
H-1855,T1273,Desert,Arctic,2025-05-02 01:48:15.961290
H-1888,T1274,Mountain,Forest,2025-04-30 05:48:15.961311
H-1312,T1275,Desert,Arctic,2025-04-26 02:48:15.961332
H-1509,T1276,Forest,Jungle,2025-05-09 11:48:15.961353
H-1547,T1277,Arctic,Jungle,2025-05-26 08:48:15.961374
H-1452,T1278,Forest,Arctic,2025-05-26 17:48:15.961395
H-1162,T1279,Forest,Mountain,2025-04-23 12:48:15.961416
H-1808,T1280,Mountain,Forest,2025-05-30 19:48:15.961437
H-1698,T1281,Desert,Jungle,2025-05-09 22:48:15.961459
H-1460,T1282,Mountain,Forest,2025-05-05 07:48:15.961480
H-1159,T1283,Arctic,Desert,2025-04-26 18:48:15.961502
H-1301,T1284,Forest,Jungle,2025-05-21 20:48:15.961523
H-1444,T1285,Desert,Forest,2025-05-16 05:48:15.961544
H-1930,T1286,Jungle,Desert,2025-05-04 09:48:15.961565
H-1422,T1287,Arctic,Forest,2025-05-14 06:48:15.961586
H-1982,T1288,Desert,Mountain,2025-05-09 01:48:15.961607
H-1938,T1289,Jungle,Mountain,2025-05-02 08:48:15.961628
H-1231,T1290,Arctic,Forest,2025-04-20 20:48:15.961649
H-1335,T1291,Jungle,Forest,2025-05-22 15:48:15.961671
H-1328,T1292,Forest,Desert,2025-05-16 16:48:15.961693
H-1717,T1293,Mountain,Forest,2025-05-26 06:48:15.961714
H-1296,T1294,Arctic,Desert,2025-04-27 03:48:15.961736
H-1851,T1295,Forest,Desert,2025-05-20 02:48:15.961757
H-1483,T1296,Forest,Jungle,2025-04-29 08:48:15.961779
H-1137,T1297,Forest,Desert,2025-05-01 08:48:15.961800
H-1719,T1298,Forest,Arctic,2025-04-21 08:48:15.961822
H-1832,T1299,Jungle,Forest,2025-05-28 22:48:15.961843
H-1121,T1300,Jungle,Forest,2025-05-26 05:48:15.961864
H-1231,T1301,Arctic,Jungle,2025-04-28 15:48:15.961886
H-1547,T1302,Desert,Arctic,2025-05-03 02:48:15.961908
H-1526,T1303,Desert,Mountain,2025-05-18 17:48:15.961930
H-1370,T1304,Desert,Forest,2025-05-05 13:48:15.961951
H-1752,T1305,Jungle,Arctic,2025-05-03 23:48:15.961972
H-1879,T1306,Desert,Arctic,2025-04-25 09:48:15.961994
H-1775,T1307,Forest,Arctic,2025-05-15 02:48:15.962015
H-1002,T1308,Desert,Mountain,2025-05-03 08:48:15.962036
H-1214,T1309,Forest,Desert,2025-05-27 15:48:15.962060
H-1737,T1310,Mountain,Arctic,2025-04-30 14:48:15.962081
H-1364,T1311,Desert,Mountain,2025-05-11 18:48:15.962103
H-1465,T1312,Arctic,Desert,2025-05-13 23:48:15.962124
H-1922,T1313,Mountain,Jungle,2025-04-24 00:48:15.962145
H-1106,T1314,Mountain,Desert,2025-05-14 16:48:15.962166
H-1157,T1315,Arctic,Jungle,2025-05-05 20:48:15.962188
H-1117,T1316,Jungle,Desert,2025-05-03 23:48:15.962210
H-1169,T1317,Desert,Jungle,2025-05-20 13:48:15.962232
H-1904,T1318,Arctic,Forest,2025-05-25 01:48:15.962255
H-1840,T1319,Arctic,Mountain,2025-05-08 01:48:15.962277
H-1503,T1320,Forest,Desert,2025-05-07 00:48:15.962298
H-1182,T1321,Jungle,Arctic,2025-04-26 01:48:15.962319
H-1279,T1322,Mountain,Arctic,2025-05-24 14:48:15.962341
H-1840,T1323,Forest,Desert,2025-05-06 09:48:15.962362
H-1959,T1324,Mountain,Desert,2025-05-25 08:48:15.962383
H-1061,T1325,Jungle,Mountain,2025-05-15 08:48:15.962405
H-1571,T1326,Arctic,Mountain,2025-05-31 04:48:15.962426
H-1386,T1327,Desert,Mountain,2025-04-30 06:48:15.962448
H-1476,T1328,Arctic,Mountain,2025-05-19 11:48:15.962469
H-1810,T1329,Jungle,Arctic,2025-04-22 11:48:15.962490
H-1412,T1330,Desert,Jungle,2025-04-23 07:48:15.962511
H-1275,T1331,Arctic,Jungle,2025-05-01 03:48:15.962532
H-1773,T1332,Forest,Mountain,2025-05-07 05:48:15.962553
H-1024,T1333,Mountain,Arctic,2025-04-24 10:48:15.962574
H-1407,T1334,Mountain,Jungle,2025-04-24 02:48:15.962595
H-1570,T1335,Jungle,Mountain,2025-05-06 02:48:15.962616
H-1176,T1336,Arctic,Desert,2025-05-04 01:48:15.962639
H-1448,T1337,Mountain,Desert,2025-04-23 23:48:15.962662
H-1259,T1338,Mountain,Forest,2025-05-30 18:48:15.962683
H-1283,T1339,Mountain,Forest,2025-04-22 10:48:15.962705
H-1129,T1340,Jungle,Arctic,2025-04-21 15:48:15.962726
H-1638,T1341,Forest,Jungle,2025-05-29 16:48:15.962748
H-1674,T1342,Arctic,Mountain,2025-04-25 09:48:15.962769
H-1763,T1343,Jungle,Arctic,2025-05-01 08:48:15.962790
H-1785,T1344,Forest,Desert,2025-05-13 13:48:15.962811
H-1155,T1345,Desert,Forest,2025-05-03 02:48:15.962832
H-1079,T1346,Desert,Mountain,2025-05-04 01:48:15.962854
H-1928,T1347,Forest,Jungle,2025-05-06 15:48:15.962875
H-1881,T1348,Arctic,Desert,2025-05-19 20:48:15.962896
H-1938,T1349,Mountain,Desert,2025-05-17 11:48:15.962917
H-1770,T1350,Forest,Jungle,2025-05-14 06:48:15.962938
H-1173,T1351,Forest,Mountain,2025-05-26 02:48:15.962960
H-1273,T1352,Jungle,Arctic,2025-05-24 01:48:15.962981
H-1257,T1353,Jungle,Forest,2025-05-10 09:48:15.963004
H-1774,T1354,Jungle,Arctic,2025-04-20 13:48:15.963026
H-1648,T1355,Jungle,Arctic,2025-04-22 05:48:15.963047
H-1211,T1356,Jungle,Desert,2025-05-15 05:48:15.963068
H-1250,T1357,Arctic,Mountain,2025-05-10 20:48:15.963089
H-1466,T1358,Mountain,Jungle,2025-05-09 12:48:15.963111
H-1528,T1359,Forest,Desert,2025-05-26 11:48:15.963132
H-1380,T1360,Forest,Mountain,2025-05-04 06:48:15.963154
H-1937,T1361,Desert,Mountain,2025-05-24 12:48:15.963175
H-1460,T1362,Mountain,Arctic,2025-05-18 23:48:15.963196
H-1265,T1363,Desert,Forest,2025-05-08 16:48:15.963217
H-1419,T1364,Mountain,Forest,2025-05-06 20:48:15.963238
H-1497,T1365,Desert,Mountain,2025-05-25 07:48:15.963259
H-1934,T1366,Arctic,Jungle,2025-05-11 04:48:15.963282
H-1589,T1367,Desert,Jungle,2025-05-18 04:48:15.963303
H-1968,T1368,Mountain,Desert,2025-05-08 13:48:15.963324
H-1039,T1369,Arctic,Desert,2025-05-10 22:48:15.963346
H-1141,T1370,Forest,Jungle,2025-05-28 19:48:15.963368
H-1524,T1371,Forest,Jungle,2025-04-22 04:48:15.963389
H-1674,T1372,Forest,Mountain,2025-05-16 21:48:15.963411
H-1118,T1373,Arctic,Mountain,2025-05-29 19:48:15.963432
H-1811,T1374,Forest,Mountain,2025-04-27 11:48:15.963454
H-1854,T1375,Desert,Arctic,2025-05-01 00:48:15.963475
H-1642,T1376,Forest,Mountain,2025-04-23 12:48:15.963496
H-1276,T1377,Desert,Arctic,2025-05-30 00:48:15.963517
H-1736,T1378,Jungle,Mountain,2025-05-09 17:48:15.963539
H-1428,T1379,Forest,Arctic,2025-05-22 20:48:15.963560
H-1863,T1380,Jungle,Mountain,2025-05-19 10:48:15.963580
H-1378,T1381,Mountain,Jungle,2025-05-28 13:48:15.963602
H-1038,T1382,Forest,Arctic,2025-05-23 21:48:15.963624
H-1890,T1383,Arctic,Mountain,2025-04-30 07:48:15.963645
H-1247,T1384,Mountain,Desert,2025-04-21 18:48:15.963666
H-1746,T1385,Jungle,Mountain,2025-05-13 14:48:15.963688
H-1635,T1386,Desert,Arctic,2025-05-10 12:48:15.963710
H-1290,T1387,Jungle,Arctic,2025-05-10 14:48:15.963731
H-1203,T1388,Mountain,Forest,2025-05-17 19:48:15.963752
H-1240,T1389,Desert,Jungle,2025-05-26 22:48:15.963773
H-1532,T1390,Arctic,Mountain,2025-05-26 01:48:15.963795
H-1241,T1391,Desert,Mountain,2025-05-04 20:48:15.963816
H-1716,T1392,Jungle,Arctic,2025-05-16 08:48:15.963838
H-1516,T1393,Desert,Mountain,2025-05-22 19:48:15.963859
H-1671,T1394,Desert,Forest,2025-05-23 03:48:15.963880
H-1258,T1395,Jungle,Mountain,2025-05-26 14:48:15.963901
H-1140,T1396,Arctic,Mountain,2025-05-10 09:48:15.963923
H-1566,T1397,Jungle,Desert,2025-05-02 17:48:15.963944
H-1769,T1398,Forest,Mountain,2025-05-31 00:48:15.963965
H-1853,T1399,Jungle,Desert,2025-04-26 06:48:15.963987
H-1032,T1400,Forest,Jungle,2025-05-19 07:48:15.964008
H-1334,T1401,Jungle,Arctic,2025-05-24 05:48:15.964031
H-1954,T1402,Jungle,Forest,2025-05-05 04:48:15.964053
H-1562,T1403,Mountain,Desert,2025-05-13 06:48:15.964074
H-1312,T1404,Mountain,Jungle,2025-05-10 09:48:15.964095
H-1341,T1405,Arctic,Forest,2025-05-08 09:48:15.964117
H-1186,T1406,Jungle,Arctic,2025-05-30 07:48:15.964138
H-1910,T1407,Mountain,Arctic,2025-04-25 21:48:15.964159
H-1984,T1408,Forest,Arctic,2025-05-24 10:48:15.964180
H-1675,T1409,Forest,Mountain,2025-05-12 10:48:15.964201
H-1696,T1410,Mountain,Jungle,2025-04-23 18:48:15.964222
H-1193,T1411,Desert,Forest,2025-05-28 18:48:15.964243
H-1254,T1412,Desert,Mountain,2025-05-13 13:48:15.964265
H-1605,T1413,Jungle,Forest,2025-05-15 16:48:15.964286
H-1310,T1414,Arctic,Mountain,2025-05-12 04:48:15.964307
H-1437,T1415,Mountain,Jungle,2025-05-07 22:48:15.964328
H-1419,T1416,Jungle,Forest,2025-04-22 13:48:15.964350
H-1409,T1417,Jungle,Mountain,2025-04-24 00:48:15.964370
H-1968,T1418,Arctic,Forest,2025-05-10 23:48:15.964391
H-1444,T1419,Forest,Mountain,2025-05-29 11:48:15.964413
H-1661,T1420,Arctic,Desert,2025-05-21 05:48:15.964434
H-1215,T1421,Mountain,Desert,2025-04-27 08:48:15.964455
H-1935,T1422,Arctic,Desert,2025-05-19 01:48:15.964476
H-1465,T1423,Arctic,Forest,2025-05-02 06:48:15.964497
H-1558,T1424,Arctic,Mountain,2025-05-08 23:48:15.964518
H-1421,T1425,Arctic,Mountain,2025-05-11 16:48:15.964539
H-1605,T1426,Forest,Mountain,2025-05-11 09:48:15.964560
H-1113,T1427,Arctic,Desert,2025-05-28 02:48:15.964581
H-1018,T1428,Arctic,Desert,2025-05-30 13:48:15.964603
H-1391,T1429,Arctic,Forest,2025-05-15 15:48:15.964624
H-1644,T1430,Forest,Mountain,2025-05-24 13:48:15.964645
H-1492,T1431,Mountain,Forest,2025-04-26 09:48:15.964666
H-1856,T1432,Arctic,Jungle,2025-04-28 19:48:15.964687
H-1534,T1433,Jungle,Desert,2025-04-28 15:48:15.964716
H-1587,T1434,Jungle,Desert,2025-05-05 06:48:15.964739
H-1787,T1435,Arctic,Mountain,2025-05-15 02:48:15.964760
H-1360,T1436,Forest,Desert,2025-05-22 17:48:15.964781
H-1153,T1437,Arctic,Forest,2025-04-29 08:48:15.964803
H-1414,T1438,Desert,Forest,2025-05-22 13:48:15.964824
H-1842,T1439,Mountain,Arctic,2025-04-21 23:48:15.964845
H-1271,T1440,Arctic,Mountain,2025-04-27 19:48:15.964866
H-1796,T1441,Mountain,Desert,2025-05-30 17:48:15.964888
H-1571,T1442,Forest,Mountain,2025-04-29 20:48:15.964909
H-1258,T1443,Forest,Arctic,2025-05-07 10:48:15.964930
H-1497,T1444,Desert,Forest,2025-05-17 15:48:15.964952
H-1231,T1445,Forest,Mountain,2025-05-31 19:48:15.964973
H-1551,T1446,Jungle,Forest,2025-04-21 01:48:15.964994
H-1015,T1447,Jungle,Mountain,2025-05-24 04:48:15.965016
H-1271,T1448,Mountain,Jungle,2025-04-21 14:48:15.965037
H-1360,T1449,Forest,Desert,2025-05-18 03:48:15.965058
H-1264,T1450,Desert,Arctic,2025-05-22 02:48:15.965080
H-1627,T1451,Forest,Arctic,2025-04-21 13:48:15.965103
H-1858,T1452,Arctic,Mountain,2025-05-12 23:48:15.965124
H-1808,T1453,Jungle,Arctic,2025-04-26 04:48:15.965145
H-1924,T1454,Forest,Mountain,2025-05-29 04:48:15.965166
H-1062,T1455,Arctic,Mountain,2025-05-28 02:48:15.965187
H-1653,T1456,Jungle,Forest,2025-05-15 17:48:15.965209
H-1159,T1457,Forest,Jungle,2025-04-21 05:48:15.965233
H-1332,T1458,Arctic,Desert,2025-05-01 00:48:15.965254
H-1847,T1459,Mountain,Desert,2025-05-15 05:48:15.965275
H-1919,T1460,Mountain,Forest,2025-05-16 04:48:15.965297
H-1544,T1461,Forest,Arctic,2025-04-23 17:48:15.965318
H-1084,T1462,Desert,Forest,2025-04-24 07:48:15.965339
H-1247,T1463,Arctic,Forest,2025-04-30 08:48:15.965360
H-1796,T1464,Desert,Jungle,2025-05-06 11:48:15.965382
H-1341,T1465,Jungle,Mountain,2025-04-23 05:48:15.965403
H-1600,T1466,Desert,Mountain,2025-05-10 22:48:15.965424
H-1556,T1467,Jungle,Forest,2025-05-27 08:48:15.965445
H-1643,T1468,Forest,Jungle,2025-05-03 11:48:15.965467
H-1943,T1469,Arctic,Jungle,2025-05-17 10:48:15.965488
H-1111,T1470,Arctic,Desert,2025-05-21 10:48:15.965509
H-1450,T1471,Desert,Forest,2025-05-06 05:48:15.965531
H-1899,T1472,Forest,Desert,2025-05-11 10:48:15.965552
H-1522,T1473,Jungle,Forest,2025-04-27 05:48:15.965573
H-1714,T1474,Desert,Jungle,2025-05-28 12:48:15.965594
H-1570,T1475,Forest,Desert,2025-05-11 19:48:15.965616
H-1662,T1476,Forest,Mountain,2025-05-13 12:48:15.965637
H-1921,T1477,Desert,Mountain,2025-04-27 21:48:15.965659
H-1305,T1478,Arctic,Jungle,2025-05-06 11:48:15.965680
H-1390,T1479,Desert,Jungle,2025-05-26 13:48:15.965702
H-1428,T1480,Mountain,Arctic,2025-04-30 12:48:15.965724
H-1071,T1481,Arctic,Forest,2025-05-08 14:48:15.965745
H-1042,T1482,Desert,Mountain,2025-05-12 15:48:15.965767
H-1084,T1483,Forest,Mountain,2025-05-22 05:48:15.965788
H-1275,T1484,Desert,Forest,2025-05-26 14:48:15.965809
H-1805,T1485,Mountain,Desert,2025-05-22 11:48:15.965830
H-1577,T1486,Arctic,Forest,2025-05-30 19:48:15.965851
H-1663,T1487,Arctic,Forest,2025-05-06 08:48:15.965872
H-1976,T1488,Desert,Mountain,2025-05-22 02:48:15.965894
H-1629,T1489,Desert,Jungle,2025-05-31 06:48:15.965915
H-1951,T1490,Jungle,Desert,2025-05-28 23:48:15.965937
H-1481,T1491,Forest,Arctic,2025-05-25 10:48:15.965958
H-1836,T1492,Desert,Arctic,2025-05-02 03:48:15.965979
H-1884,T1493,Forest,Mountain,2025-04-29 04:48:15.966000
H-1184,T1494,Jungle,Desert,2025-05-04 17:48:15.966022
H-1286,T1495,Mountain,Desert,2025-04-28 18:48:15.966043
H-1444,T1496,Jungle,Arctic,2025-04-29 05:48:15.966064
H-1818,T1497,Mountain,Desert,2025-05-03 04:48:15.966086
H-1823,T1498,Mountain,Arctic,2025-05-06 13:48:15.966107
H-1881,T1499,Jungle,Desert,2025-05-30 06:48:15.966127
H-1431,T1500,Desert,Forest,2025-04-26 13:48:15.966148
H-1233,T1501,Mountain,Arctic,2025-04-29 15:48:15.966169
H-1330,T1502,Mountain,Arctic,2025-04-22 19:48:15.966193
H-1150,T1503,Forest,Mountain,2025-05-22 07:48:15.966214
H-1676,T1504,Mountain,Jungle,2025-05-28 23:48:15.966236
H-1087,T1505,Forest,Desert,2025-04-28 10:48:15.966258
H-1167,T1506,Arctic,Jungle,2025-05-17 20:48:15.966280
H-1058,T1507,Desert,Forest,2025-04-24 17:48:15.966301
H-1132,T1508,Jungle,Mountain,2025-05-16 20:48:15.966322
H-1498,T1509,Desert,Jungle,2025-05-31 20:48:15.966344
H-1638,T1510,Forest,Mountain,2025-05-15 09:48:15.966365
H-1434,T1511,Forest,Mountain,2025-04-20 13:48:15.966386
H-1524,T1512,Mountain,Jungle,2025-04-24 04:48:15.966407
H-1982,T1513,Arctic,Desert,2025-05-03 13:48:15.966428
H-1644,T1514,Arctic,Desert,2025-05-08 00:48:15.966449
H-1465,T1515,Desert,Mountain,2025-05-03 03:48:15.966470
H-1727,T1516,Desert,Arctic,2025-05-22 03:48:15.966491
H-1360,T1517,Jungle,Desert,2025-05-15 22:48:15.966512
H-1889,T1518,Mountain,Forest,2025-04-24 09:48:15.966533
H-1410,T1519,Desert,Forest,2025-04-26 20:48:15.966554
H-1494,T1520,Mountain,Arctic,2025-05-19 03:48:15.966576
H-1527,T1521,Arctic,Forest,2025-05-02 05:48:15.966599
H-1028,T1522,Mountain,Jungle,2025-05-25 03:48:15.966621
H-1572,T1523,Forest,Arctic,2025-05-21 19:48:15.966642
H-1965,T1524,Jungle,Mountain,2025-05-09 14:48:15.966663
H-1075,T1525,Arctic,Mountain,2025-05-26 20:48:15.966684
H-1889,T1526,Mountain,Forest,2025-04-26 23:48:15.966705
H-1657,T1527,Desert,Jungle,2025-05-09 03:48:15.966726
H-1235,T1528,Mountain,Desert,2025-05-08 19:48:15.966748
H-1722,T1529,Jungle,Mountain,2025-04-25 19:48:15.966769
H-1184,T1530,Desert,Forest,2025-05-22 22:48:15.966790
H-1639,T1531,Jungle,Desert,2025-04-24 18:48:15.966812
H-1957,T1532,Jungle,Desert,2025-05-20 16:48:15.966833
H-1263,T1533,Mountain,Jungle,2025-05-29 06:48:15.966854
H-1405,T1534,Jungle,Desert,2025-04-29 12:48:15.966876
H-1652,T1535,Mountain,Jungle,2025-05-01 00:48:15.966897
H-1704,T1536,Desert,Arctic,2025-05-11 08:48:15.966919
H-1065,T1537,Forest,Arctic,2025-05-30 10:48:15.966940
H-1489,T1538,Desert,Mountain,2025-05-25 04:48:15.966962
H-1227,T1539,Jungle,Mountain,2025-05-20 11:48:15.966983
H-1527,T1540,Forest,Jungle,2025-04-26 12:48:15.967005
H-1919,T1541,Desert,Jungle,2025-05-16 08:48:15.967026
H-1939,T1542,Arctic,Mountain,2025-05-09 18:48:15.967048
H-1213,T1543,Arctic,Desert,2025-04-22 09:48:15.967068
H-1264,T1544,Arctic,Desert,2025-05-09 19:48:15.967090
H-1538,T1545,Arctic,Mountain,2025-05-09 03:48:15.967112
H-1009,T1546,Arctic,Jungle,2025-04-25 08:48:15.967133
H-1226,T1547,Forest,Jungle,2025-05-17 18:48:15.967154
H-1526,T1548,Jungle,Forest,2025-05-03 10:48:15.967177
H-1000,T1549,Forest,Jungle,2025-05-02 08:48:15.967199
H-1970,T1550,Arctic,Mountain,2025-05-29 01:48:15.967220
H-1740,T1551,Desert,Mountain,2025-04-25 18:48:15.967241
H-1979,T1552,Mountain,Desert,2025-04-22 21:48:15.967262
H-1519,T1553,Arctic,Desert,2025-05-25 02:48:15.967283
H-1129,T1554,Mountain,Jungle,2025-05-21 00:48:15.967305
H-1569,T1555,Mountain,Jungle,2025-05-19 18:48:15.967326
H-1451,T1556,Forest,Mountain,2025-04-28 04:48:15.967348
H-1444,T1557,Jungle,Arctic,2025-05-31 13:48:15.967371
H-1554,T1558,Mountain,Desert,2025-04-24 19:48:15.967393
H-1684,T1559,Jungle,Arctic,2025-04-21 21:48:15.967414
H-1581,T1560,Jungle,Forest,2025-04-29 20:48:15.967435
H-1446,T1561,Forest,Arctic,2025-05-06 23:48:15.967456
H-1125,T1562,Mountain,Forest,2025-05-31 16:48:15.967477
H-1766,T1563,Arctic,Desert,2025-05-25 17:48:15.967498
H-1040,T1564,Jungle,Arctic,2025-05-23 17:48:15.967520
H-1749,T1565,Jungle,Desert,2025-05-29 05:48:15.967541
H-1907,T1566,Arctic,Jungle,2025-05-18 19:48:15.967562
H-1052,T1567,Mountain,Desert,2025-04-25 06:48:15.967584
H-1062,T1568,Jungle,Forest,2025-05-31 08:48:15.967605
H-1852,T1569,Desert,Arctic,2025-05-17 00:48:15.967626
H-1794,T1570,Arctic,Desert,2025-05-12 22:48:15.967647
H-1996,T1571,Arctic,Forest,2025-05-05 06:48:15.967668
H-1701,T1572,Mountain,Arctic,2025-05-24 08:48:15.967717
H-1697,T1573,Desert,Forest,2025-05-01 20:48:15.967739
H-1692,T1574,Arctic,Forest,2025-05-07 00:48:15.967760
H-1406,T1575,Mountain,Arctic,2025-05-08 12:48:15.967781
H-1139,T1576,Forest,Jungle,2025-04-30 11:48:15.967803
H-1433,T1577,Jungle,Mountain,2025-05-11 09:48:15.967824
H-1724,T1578,Arctic,Forest,2025-04-22 05:48:15.967845
H-1590,T1579,Mountain,Arctic,2025-05-05 07:48:15.967866
H-1079,T1580,Desert,Arctic,2025-05-24 00:48:15.967887
H-1804,T1581,Jungle,Mountain,2025-05-27 18:48:15.967908
H-1791,T1582,Forest,Desert,2025-05-11 09:48:15.967930
H-1264,T1583,Arctic,Jungle,2025-04-23 00:48:15.967951
H-1722,T1584,Forest,Mountain,2025-05-22 06:48:15.967972
H-1798,T1585,Mountain,Jungle,2025-05-08 03:48:15.967993
H-1140,T1586,Mountain,Arctic,2025-04-29 04:48:15.968014
H-1441,T1587,Mountain,Jungle,2025-05-21 07:48:15.968036
H-1271,T1588,Desert,Mountain,2025-05-02 20:48:15.968056
H-1665,T1589,Arctic,Jungle,2025-05-24 15:48:15.968077
H-1558,T1590,Forest,Mountain,2025-05-10 19:48:15.968098
H-1708,T1591,Jungle,Arctic,2025-05-15 01:48:15.968119
H-1919,T1592,Mountain,Jungle,2025-05-30 12:48:15.968141
H-1922,T1593,Jungle,Mountain,2025-05-29 07:48:15.968175
H-1308,T1594,Arctic,Mountain,2025-05-28 03:48:15.968197
H-1494,T1595,Desert,Jungle,2025-05-09 10:48:15.968218
H-1662,T1596,Desert,Jungle,2025-04-25 01:48:15.968239
H-1979,T1597,Arctic,Forest,2025-05-29 02:48:15.968260
H-1152,T1598,Arctic,Jungle,2025-04-26 22:48:15.968281
H-1419,T1599,Arctic,Desert,2025-04-28 13:48:15.968302
H-1066,T1600,Mountain,Desert,2025-05-07 20:48:15.968324
H-1631,T1601,Arctic,Jungle,2025-05-29 05:48:15.968345
H-1850,T1602,Forest,Mountain,2025-05-08 10:48:15.968366
H-1696,T1603,Mountain,Desert,2025-05-14 20:48:15.968387
H-1737,T1604,Mountain,Forest,2025-05-29 03:48:15.968408
H-1025,T1605,Arctic,Desert,2025-05-17 00:48:15.968429
H-1679,T1606,Mountain,Arctic,2025-05-04 03:48:15.968450
H-1060,T1607,Forest,Arctic,2025-05-21 08:48:15.968471
H-1720,T1608,Arctic,Forest,2025-05-19 13:48:15.968492
H-1239,T1609,Forest,Desert,2025-05-30 00:48:15.968513
H-1484,T1610,Forest,Desert,2025-05-04 09:48:15.968535
H-1772,T1611,Forest,Desert,2025-05-06 17:48:15.968556
H-1070,T1612,Jungle,Mountain,2025-04-25 23:48:15.968577
H-1802,T1613,Forest,Arctic,2025-05-14 00:48:15.968598
H-1816,T1614,Desert,Forest,2025-05-21 20:48:15.968619
H-1343,T1615,Mountain,Arctic,2025-05-01 11:48:15.968640
H-1789,T1616,Jungle,Arctic,2025-05-26 11:48:15.968662
H-1726,T1617,Arctic,Desert,2025-05-08 01:48:15.968691
H-1160,T1618,Forest,Mountain,2025-05-06 17:48:15.968713
H-1077,T1619,Forest,Arctic,2025-04-28 22:48:15.968733
H-1305,T1620,Mountain,Forest,2025-05-09 15:48:15.968755
H-1764,T1621,Arctic,Forest,2025-05-22 22:48:15.968776
H-1240,T1622,Arctic,Desert,2025-05-20 05:48:15.968796
H-1201,T1623,Mountain,Desert,2025-05-17 03:48:15.968817
H-1577,T1624,Mountain,Forest,2025-05-29 07:48:15.968838
H-1894,T1625,Jungle,Forest,2025-05-16 07:48:15.968860
H-1604,T1626,Arctic,Jungle,2025-04-25 09:48:15.968881
H-1575,T1627,Jungle,Desert,2025-05-03 15:48:15.968902
H-1119,T1628,Forest,Mountain,2025-04-23 05:48:15.968923
H-1271,T1629,Jungle,Arctic,2025-05-25 23:48:15.968944
H-1726,T1630,Jungle,Forest,2025-05-14 16:48:15.968966
H-1682,T1631,Mountain,Forest,2025-04-28 21:48:15.968987
H-1744,T1632,Forest,Jungle,2025-05-06 02:48:15.969008
H-1084,T1633,Jungle,Forest,2025-05-09 19:48:15.969029
H-1613,T1634,Mountain,Jungle,2025-05-10 17:48:15.969050
H-1270,T1635,Jungle,Desert,2025-05-18 04:48:15.969071
H-1790,T1636,Jungle,Mountain,2025-05-30 04:48:15.969093
H-1441,T1637,Forest,Mountain,2025-05-10 14:48:15.969114
H-1231,T1638,Mountain,Forest,2025-05-11 07:48:15.969135
H-1827,T1639,Desert,Mountain,2025-04-30 12:48:15.969156
H-1866,T1640,Arctic,Desert,2025-05-22 15:48:15.969178
H-1778,T1641,Forest,Mountain,2025-05-15 16:48:15.969200
H-1163,T1642,Forest,Mountain,2025-05-06 12:48:15.969221
H-1896,T1643,Desert,Arctic,2025-05-21 19:48:15.969242
H-1578,T1644,Forest,Mountain,2025-05-06 18:48:15.969264
H-1669,T1645,Jungle,Desert,2025-05-10 17:48:15.969284
H-1130,T1646,Forest,Mountain,2025-05-23 17:48:15.969305
H-1562,T1647,Forest,Jungle,2025-05-08 04:48:15.969326
H-1831,T1648,Mountain,Jungle,2025-05-28 10:48:15.969348
H-1356,T1649,Arctic,Desert,2025-05-23 01:48:15.969369
H-1196,T1650,Desert,Arctic,2025-05-15 21:48:15.969391
H-1019,T1651,Jungle,Desert,2025-05-27 22:48:15.969412
H-1415,T1652,Arctic,Jungle,2025-05-01 13:48:15.969433
H-1626,T1653,Jungle,Desert,2025-05-02 15:48:15.969454
H-1655,T1654,Desert,Mountain,2025-05-24 05:48:15.969475
H-1026,T1655,Arctic,Mountain,2025-05-23 03:48:15.969497
H-1268,T1656,Arctic,Jungle,2025-05-04 23:48:15.969518
H-1804,T1657,Arctic,Mountain,2025-05-17 10:48:15.969539
H-1474,T1658,Forest,Arctic,2025-05-08 16:48:15.970024
H-1480,T1659,Mountain,Desert,2025-05-27 17:48:15.970062
H-1286,T1660,Jungle,Forest,2025-04-29 08:48:15.970088
H-1981,T1661,Arctic,Jungle,2025-05-12 00:48:15.970111
H-1832,T1662,Jungle,Desert,2025-05-19 06:48:15.970133
H-1360,T1663,Desert,Jungle,2025-05-06 21:48:15.970155
H-1058,T1664,Mountain,Desert,2025-04-30 06:48:15.970178
H-1094,T1665,Desert,Mountain,2025-05-05 06:48:15.970200
H-1408,T1666,Forest,Mountain,2025-05-19 16:48:15.970222
H-1155,T1667,Mountain,Jungle,2025-05-07 08:48:15.970244
H-1825,T1668,Arctic,Forest,2025-04-29 11:48:15.970267
H-1024,T1669,Arctic,Jungle,2025-05-02 21:48:15.970289
H-1495,T1670,Mountain,Desert,2025-05-08 03:48:15.970310
H-1657,T1671,Forest,Arctic,2025-05-15 01:48:15.970331
H-1211,T1672,Forest,Jungle,2025-05-18 08:48:15.970353
H-1445,T1673,Forest,Desert,2025-05-23 15:48:15.970388
H-1747,T1674,Arctic,Desert,2025-05-14 22:48:15.970409
H-1275,T1675,Mountain,Forest,2025-05-12 05:48:15.970430
H-1540,T1676,Arctic,Desert,2025-05-20 11:48:15.970451
H-1108,T1677,Mountain,Jungle,2025-04-28 18:48:15.970473
H-1721,T1678,Desert,Arctic,2025-05-29 06:48:15.970495
H-1060,T1679,Forest,Arctic,2025-05-20 18:48:15.970517
H-1495,T1680,Arctic,Mountain,2025-05-13 01:48:15.970538
H-1547,T1681,Jungle,Mountain,2025-04-26 04:48:15.970560
H-1061,T1682,Arctic,Desert,2025-05-22 23:48:15.970582
H-1307,T1683,Mountain,Arctic,2025-05-05 22:48:15.970603
H-1050,T1684,Jungle,Arctic,2025-05-19 01:48:15.970625
H-1010,T1685,Arctic,Jungle,2025-05-09 17:48:15.970647
H-1997,T1686,Arctic,Mountain,2025-04-30 00:48:15.970669
H-1089,T1687,Forest,Jungle,2025-05-18 10:48:15.970690
H-1425,T1688,Forest,Mountain,2025-04-21 00:48:15.970712
H-1442,T1689,Arctic,Jungle,2025-05-14 03:48:15.970733
H-1944,T1690,Forest,Arctic,2025-05-18 01:48:15.970754
H-1805,T1691,Forest,Arctic,2025-04-23 14:48:15.970775
H-1307,T1692,Jungle,Mountain,2025-05-27 05:48:15.970796
H-1812,T1693,Arctic,Desert,2025-04-22 09:48:15.970817
H-1293,T1694,Desert,Jungle,2025-05-11 00:48:15.970838
H-1382,T1695,Jungle,Mountain,2025-05-09 07:48:15.970859
H-1117,T1696,Mountain,Jungle,2025-05-27 04:48:15.970880
H-1724,T1697,Desert,Arctic,2025-05-05 08:48:15.970901
H-1779,T1698,Jungle,Forest,2025-05-09 08:48:15.970985
H-1076,T1699,Forest,Jungle,2025-05-28 17:48:15.971010
H-1424,T1700,Arctic,Forest,2025-04-27 09:48:15.971032
H-1436,T1701,Arctic,Desert,2025-04-26 12:48:15.971054
H-1966,T1702,Jungle,Desert,2025-05-19 03:48:15.971075
H-1081,T1703,Mountain,Arctic,2025-05-17 06:48:15.971097
H-1153,T1704,Desert,Mountain,2025-05-30 13:48:15.971118
H-1786,T1705,Arctic,Jungle,2025-05-26 03:48:15.971139
H-1802,T1706,Jungle,Arctic,2025-05-08 14:48:15.971162
H-1362,T1707,Arctic,Forest,2025-04-30 00:48:15.971182
H-1358,T1708,Arctic,Mountain,2025-05-17 19:48:15.971203
H-1040,T1709,Jungle,Forest,2025-05-10 03:48:15.971224
H-1070,T1710,Forest,Jungle,2025-05-22 04:48:15.971246
H-1469,T1711,Mountain,Jungle,2025-05-06 07:48:15.971267
H-1107,T1712,Mountain,Forest,2025-05-23 00:48:15.971288
H-1129,T1713,Mountain,Forest,2025-04-28 12:48:15.971310
H-1501,T1714,Desert,Forest,2025-05-10 06:48:15.971332
H-1666,T1715,Jungle,Desert,2025-05-02 23:48:15.971353
H-1611,T1716,Mountain,Jungle,2025-05-15 20:48:15.971374
H-1564,T1717,Desert,Arctic,2025-05-27 22:48:15.971406
H-1302,T1718,Mountain,Jungle,2025-04-28 01:48:15.971428
H-1903,T1719,Mountain,Desert,2025-05-07 20:48:15.971449
H-1536,T1720,Desert,Mountain,2025-05-15 21:48:15.971470
H-1368,T1721,Desert,Mountain,2025-05-11 05:48:15.971491
H-1197,T1722,Jungle,Forest,2025-05-24 08:48:15.971513
H-1187,T1723,Mountain,Desert,2025-05-18 06:48:15.971534
H-1356,T1724,Mountain,Arctic,2025-05-13 07:48:15.971556
H-1417,T1725,Forest,Jungle,2025-04-26 07:48:15.971577
H-1227,T1726,Mountain,Arctic,2025-04-27 18:48:15.971598
H-1999,T1727,Arctic,Mountain,2025-05-26 17:48:15.971619
H-1168,T1728,Mountain,Desert,2025-04-23 02:48:15.971640
H-1884,T1729,Jungle,Arctic,2025-04-28 01:48:15.971661
H-1355,T1730,Forest,Desert,2025-05-16 04:48:15.971682
H-1729,T1731,Arctic,Desert,2025-04-27 11:48:15.971703
H-1171,T1732,Jungle,Desert,2025-05-11 21:48:15.971725
H-1563,T1733,Arctic,Forest,2025-05-25 03:48:15.971746
H-1161,T1734,Jungle,Mountain,2025-05-25 09:48:15.971767
H-1778,T1735,Jungle,Desert,2025-05-30 23:48:15.971789
H-1748,T1736,Forest,Desert,2025-05-21 01:48:15.971810
H-1796,T1737,Mountain,Arctic,2025-04-22 07:48:15.971831
H-1705,T1738,Arctic,Forest,2025-05-26 00:48:15.971852
H-1816,T1739,Arctic,Desert,2025-05-18 04:48:15.971872
H-1988,T1740,Arctic,Jungle,2025-05-08 21:48:15.971894
H-1876,T1741,Mountain,Arctic,2025-05-02 18:48:15.971914
H-1850,T1742,Forest,Arctic,2025-05-24 13:48:15.971935
H-1414,T1743,Arctic,Desert,2025-04-29 19:48:15.971956
H-1356,T1744,Desert,Mountain,2025-05-13 10:48:15.971977
H-1362,T1745,Mountain,Desert,2025-05-15 16:48:15.971998
H-1900,T1746,Forest,Desert,2025-04-27 22:48:15.972019
H-1543,T1747,Jungle,Mountain,2025-04-23 02:48:15.972040
H-1366,T1748,Forest,Arctic,2025-05-02 01:48:15.972061
H-1340,T1749,Arctic,Jungle,2025-04-20 23:48:15.972082
H-1528,T1750,Arctic,Mountain,2025-05-12 06:48:15.972103
H-1945,T1751,Jungle,Forest,2025-05-07 20:48:15.972125
H-1278,T1752,Arctic,Forest,2025-05-20 21:48:15.972146
H-1394,T1753,Desert,Mountain,2025-04-25 16:48:15.972167
H-1677,T1754,Forest,Jungle,2025-04-22 07:48:15.972189
H-1007,T1755,Forest,Desert,2025-05-21 03:48:15.972211
H-1289,T1756,Mountain,Jungle,2025-05-28 06:48:15.972232
H-1165,T1757,Mountain,Forest,2025-05-10 11:48:15.972255
H-1014,T1758,Desert,Forest,2025-05-09 03:48:15.972277
H-1076,T1759,Arctic,Forest,2025-04-22 00:48:15.972299
H-1310,T1760,Arctic,Jungle,2025-05-31 17:48:15.972320
H-1499,T1761,Forest,Desert,2025-05-28 19:48:15.972345
H-1128,T1762,Arctic,Jungle,2025-04-28 09:48:15.972367
H-1387,T1763,Arctic,Jungle,2025-05-28 19:48:15.972388
H-1104,T1764,Mountain,Arctic,2025-05-31 13:48:15.972410
H-1045,T1765,Forest,Arctic,2025-05-14 19:48:15.972432
H-1180,T1766,Forest,Arctic,2025-05-12 23:48:15.972454
H-1084,T1767,Forest,Jungle,2025-04-26 04:48:15.972474
H-1904,T1768,Mountain,Jungle,2025-05-08 07:48:15.972496
H-1941,T1769,Mountain,Arctic,2025-04-27 07:48:15.972518
H-1182,T1770,Forest,Arctic,2025-05-30 10:48:15.972539
H-1880,T1771,Desert,Mountain,2025-05-27 05:48:15.972561
H-1590,T1772,Arctic,Jungle,2025-05-08 03:48:15.972582
H-1426,T1773,Mountain,Forest,2025-05-13 07:48:15.972603
H-1915,T1774,Jungle,Forest,2025-05-02 03:48:15.972624
H-1710,T1775,Jungle,Forest,2025-05-22 22:48:15.972645
H-1577,T1776,Arctic,Mountain,2025-05-06 21:48:15.972666
H-1205,T1777,Arctic,Desert,2025-05-10 08:48:15.972688
H-1757,T1778,Arctic,Forest,2025-05-11 00:48:15.972709
H-1958,T1779,Jungle,Desert,2025-05-10 00:48:15.972732
H-1025,T1780,Jungle,Desert,2025-05-20 10:48:15.972753
H-1268,T1781,Desert,Jungle,2025-04-22 23:48:15.972774
H-1593,T1782,Mountain,Arctic,2025-04-26 03:48:15.972795
H-1057,T1783,Jungle,Arctic,2025-05-31 03:48:15.972816
H-1047,T1784,Mountain,Jungle,2025-04-24 17:48:15.972838
H-1582,T1785,Arctic,Mountain,2025-05-06 12:48:15.972859
H-1812,T1786,Arctic,Jungle,2025-05-24 20:48:15.972881
H-1893,T1787,Jungle,Forest,2025-04-23 15:48:15.972902
H-1325,T1788,Desert,Mountain,2025-05-21 04:48:15.972923
H-1441,T1789,Jungle,Mountain,2025-05-27 23:48:15.972944
H-1538,T1790,Arctic,Jungle,2025-05-30 13:48:15.972966
H-1332,T1791,Jungle,Arctic,2025-04-21 06:48:15.972987
H-1059,T1792,Arctic,Forest,2025-04-25 06:48:15.973008
H-1043,T1793,Mountain,Desert,2025-05-18 17:48:15.973029
H-1462,T1794,Mountain,Desert,2025-05-29 03:48:15.973051
H-1207,T1795,Mountain,Jungle,2025-04-22 14:48:15.973073
H-1435,T1796,Desert,Jungle,2025-05-23 15:48:15.973094
H-1462,T1797,Desert,Forest,2025-04-26 16:48:15.973116
H-1551,T1798,Jungle,Desert,2025-05-22 15:48:15.973137
H-1439,T1799,Desert,Jungle,2025-05-16 07:48:15.973158
H-1109,T1800,Mountain,Arctic,2025-04-25 11:48:15.973180
H-1295,T1801,Forest,Jungle,2025-05-01 06:48:15.973201
H-1727,T1802,Forest,Arctic,2025-05-16 19:48:15.973222
H-1600,T1803,Forest,Mountain,2025-04-25 15:48:15.973243
H-1046,T1804,Desert,Forest,2025-05-07 01:48:15.973264
H-1863,T1805,Mountain,Forest,2025-05-30 13:48:15.973285
H-1480,T1806,Jungle,Desert,2025-04-21 16:48:15.973307
H-1690,T1807,Mountain,Jungle,2025-05-02 01:48:15.973328
H-1005,T1808,Forest,Arctic,2025-04-22 01:48:15.973349
H-1853,T1809,Desert,Arctic,2025-05-13 06:48:15.973370
H-1463,T1810,Jungle,Forest,2025-05-15 00:48:15.973391
H-1548,T1811,Jungle,Desert,2025-05-16 16:48:15.973412
H-1095,T1812,Mountain,Desert,2025-04-23 05:48:15.973433
H-1868,T1813,Desert,Jungle,2025-04-27 16:48:15.973454
H-1594,T1814,Forest,Jungle,2025-04-28 08:48:15.973475
H-1411,T1815,Jungle,Mountain,2025-05-06 20:48:15.973496
H-1127,T1816,Desert,Arctic,2025-05-11 10:48:15.973517
H-1794,T1817,Mountain,Desert,2025-04-29 17:48:15.973538
H-1715,T1818,Arctic,Desert,2025-04-22 13:48:15.973559
H-1926,T1819,Jungle,Desert,2025-04-22 19:48:15.973581
H-1037,T1820,Forest,Desert,2025-04-29 20:48:15.973603
H-1716,T1821,Arctic,Desert,2025-05-03 06:48:15.973624
H-1115,T1822,Jungle,Mountain,2025-05-06 08:48:15.973646
H-1435,T1823,Mountain,Forest,2025-05-08 13:48:15.973667
H-1161,T1824,Mountain,Jungle,2025-05-05 04:48:15.973688
H-1234,T1825,Forest,Mountain,2025-05-11 03:48:15.973710
H-1728,T1826,Mountain,Jungle,2025-04-27 02:48:15.973732
H-1877,T1827,Forest,Arctic,2025-05-12 06:48:15.973779
H-1711,T1828,Desert,Mountain,2025-05-04 19:48:15.973801
H-1534,T1829,Jungle,Forest,2025-04-25 08:48:15.973822
H-1414,T1830,Mountain,Forest,2025-05-18 13:48:15.973843
H-1681,T1831,Desert,Jungle,2025-05-16 15:48:15.973864
H-1062,T1832,Mountain,Jungle,2025-05-21 08:48:15.973885
H-1358,T1833,Jungle,Forest,2025-05-27 05:48:15.973906
H-1186,T1834,Arctic,Jungle,2025-04-20 12:48:15.973927
H-1240,T1835,Mountain,Forest,2025-05-25 02:48:15.973948
H-1450,T1836,Arctic,Mountain,2025-04-20 15:48:15.973970
H-1310,T1837,Jungle,Arctic,2025-05-12 00:48:15.973991
H-1982,T1838,Forest,Mountain,2025-05-01 04:48:15.974012
H-1161,T1839,Forest,Desert,2025-05-16 18:48:15.974034
H-1052,T1840,Desert,Forest,2025-05-06 21:48:15.974056
H-1221,T1841,Arctic,Jungle,2025-04-21 18:48:15.974077
H-1598,T1842,Mountain,Forest,2025-05-02 11:48:15.974099
H-1836,T1843,Desert,Jungle,2025-04-25 00:48:15.974121
H-1083,T1844,Mountain,Desert,2025-05-06 06:48:15.974142
H-1033,T1845,Mountain,Desert,2025-04-24 11:48:15.974163
H-1383,T1846,Mountain,Jungle,2025-05-21 14:48:15.974185
H-1998,T1847,Forest,Desert,2025-05-24 06:48:15.974206
H-1446,T1848,Arctic,Mountain,2025-05-02 20:48:15.974227
H-1922,T1849,Desert,Forest,2025-05-07 07:48:15.974248
H-1722,T1850,Forest,Jungle,2025-04-30 02:48:15.974269
H-1846,T1851,Mountain,Arctic,2025-05-27 05:48:15.974290
H-1820,T1852,Arctic,Jungle,2025-05-07 23:48:15.974312
H-1557,T1853,Jungle,Desert,2025-05-15 19:48:15.974333
H-1762,T1854,Mountain,Desert,2025-04-27 22:48:15.974354
H-1940,T1855,Desert,Arctic,2025-04-29 00:48:15.974374
H-1147,T1856,Jungle,Arctic,2025-04-29 22:48:15.974396
H-1163,T1857,Mountain,Desert,2025-05-28 20:48:15.974417
H-1981,T1858,Mountain,Arctic,2025-05-09 20:48:15.974438
H-1456,T1859,Desert,Forest,2025-05-14 09:48:15.974459
H-1226,T1860,Arctic,Forest,2025-04-24 14:48:15.974481
H-1260,T1861,Mountain,Arctic,2025-04-24 12:48:15.974513
H-1615,T1862,Arctic,Forest,2025-04-28 00:48:15.974535
H-1601,T1863,Jungle,Mountain,2025-04-21 21:48:15.974556
H-1296,T1864,Arctic,Desert,2025-05-31 06:48:15.974578
H-1797,T1865,Desert,Mountain,2025-04-27 02:48:15.974599
H-1826,T1866,Jungle,Mountain,2025-04-28 01:48:15.974620
H-1770,T1867,Desert,Mountain,2025-05-08 04:48:15.974641
H-1905,T1868,Forest,Mountain,2025-04-20 13:48:15.974662
H-1874,T1869,Mountain,Forest,2025-05-30 18:48:15.974684
H-1002,T1870,Jungle,Mountain,2025-05-21 12:48:15.974705
H-1328,T1871,Desert,Arctic,2025-04-28 01:48:15.974727
H-1124,T1872,Desert,Forest,2025-05-06 08:48:15.974748
H-1850,T1873,Forest,Jungle,2025-04-30 08:48:15.974769
H-1753,T1874,Forest,Desert,2025-05-30 08:48:15.974791
H-1271,T1875,Mountain,Jungle,2025-05-18 06:48:15.974811
H-1735,T1876,Forest,Desert,2025-05-12 18:48:15.974833
H-1251,T1877,Jungle,Arctic,2025-04-25 15:48:15.974854
H-1156,T1878,Arctic,Forest,2025-05-20 19:48:15.974876
H-1824,T1879,Jungle,Mountain,2025-04-24 02:48:15.974897
H-1457,T1880,Forest,Arctic,2025-05-06 20:48:15.974918
H-1103,T1881,Forest,Desert,2025-05-13 17:48:15.974939
H-1329,T1882,Forest,Arctic,2025-04-27 17:48:15.974960
H-1318,T1883,Arctic,Jungle,2025-04-25 13:48:15.974981
H-1190,T1884,Mountain,Forest,2025-04-30 23:48:15.975002
H-1386,T1885,Jungle,Mountain,2025-05-26 02:48:15.975023
H-1135,T1886,Jungle,Arctic,2025-05-18 04:48:15.975045
H-1062,T1887,Mountain,Desert,2025-05-03 12:48:15.975067
H-1115,T1888,Mountain,Jungle,2025-05-18 00:48:15.975088
H-1187,T1889,Forest,Arctic,2025-04-29 11:48:15.975109
H-1324,T1890,Forest,Desert,2025-04-26 09:48:15.975131
H-1321,T1891,Jungle,Arctic,2025-05-24 22:48:15.975151
H-1152,T1892,Arctic,Forest,2025-05-21 03:48:15.975174
H-1268,T1893,Arctic,Mountain,2025-05-07 03:48:15.975196
H-1859,T1894,Forest,Mountain,2025-05-05 14:48:15.975217
H-1649,T1895,Jungle,Desert,2025-05-20 03:48:15.975238
H-1134,T1896,Desert,Forest,2025-04-20 12:48:15.975259
H-1586,T1897,Forest,Mountain,2025-04-29 07:48:15.975280
H-1639,T1898,Forest,Mountain,2025-04-21 12:48:15.975314
H-1995,T1899,Forest,Arctic,2025-05-22 21:48:15.975330
H-1980,T1900,Jungle,Arctic,2025-04-24 16:48:15.975347
H-1748,T1901,Forest,Desert,2025-05-05 18:48:15.975364
H-1121,T1902,Mountain,Forest,2025-04-25 23:48:15.975381
H-1634,T1903,Arctic,Mountain,2025-05-19 09:48:15.975397
H-1636,T1904,Mountain,Desert,2025-05-13 01:48:15.975414
H-1188,T1905,Forest,Jungle,2025-04-22 07:48:15.975430
H-1072,T1906,Mountain,Forest,2025-05-14 11:48:15.975447
H-1553,T1907,Forest,Arctic,2025-05-11 00:48:15.975464
H-1813,T1908,Arctic,Jungle,2025-05-21 10:48:15.975488
H-1919,T1909,Jungle,Desert,2025-05-15 16:48:15.975505
H-1577,T1910,Mountain,Arctic,2025-04-21 05:48:15.975522
H-1373,T1911,Desert,Jungle,2025-04-28 18:48:15.975539
H-1048,T1912,Mountain,Jungle,2025-05-08 11:48:15.975555
H-1283,T1913,Desert,Forest,2025-05-13 21:48:15.975572
H-1922,T1914,Forest,Arctic,2025-05-10 10:48:15.975589
H-1573,T1915,Desert,Forest,2025-04-28 07:48:15.975606
H-1629,T1916,Forest,Desert,2025-05-25 23:48:15.975622
H-1826,T1917,Forest,Jungle,2025-04-21 17:48:15.975639
H-1512,T1918,Mountain,Jungle,2025-04-27 15:48:15.975655
H-1407,T1919,Desert,Forest,2025-05-14 01:48:15.975672
H-1271,T1920,Desert,Jungle,2025-05-29 21:48:15.975689
H-1544,T1921,Desert,Mountain,2025-05-10 17:48:15.975706
H-1748,T1922,Arctic,Forest,2025-04-22 13:48:15.975723
H-1356,T1923,Forest,Arctic,2025-05-14 17:48:15.975740
H-1188,T1924,Arctic,Mountain,2025-05-30 01:48:15.975757
H-1607,T1925,Mountain,Arctic,2025-04-25 12:48:15.975773
H-1419,T1926,Arctic,Desert,2025-05-02 14:48:15.975791
H-1504,T1927,Forest,Desert,2025-05-28 07:48:15.975807
H-1258,T1928,Desert,Jungle,2025-05-14 15:48:15.975824
H-1127,T1929,Arctic,Mountain,2025-05-19 21:48:15.975841
H-1169,T1930,Desert,Mountain,2025-05-23 11:48:15.975857
H-1300,T1931,Desert,Forest,2025-04-21 07:48:15.975874
H-1187,T1932,Mountain,Forest,2025-04-22 12:48:15.975891
H-1513,T1933,Desert,Jungle,2025-04-23 04:48:15.975908
H-1511,T1934,Jungle,Forest,2025-05-15 15:48:15.975925
H-1942,T1935,Desert,Forest,2025-05-05 05:48:15.975942
H-1352,T1936,Desert,Arctic,2025-05-27 21:48:15.975958
H-1929,T1937,Forest,Jungle,2025-05-18 19:48:15.975975
H-1232,T1938,Mountain,Desert,2025-05-19 23:48:15.975991
H-1395,T1939,Desert,Arctic,2025-05-17 16:48:15.976008
H-1683,T1940,Desert,Forest,2025-05-19 02:48:15.976025
H-1200,T1941,Forest,Jungle,2025-04-23 22:48:15.976041
H-1517,T1942,Desert,Forest,2025-05-04 14:48:15.976058
H-1163,T1943,Jungle,Mountain,2025-05-11 21:48:15.976075
H-1384,T1944,Desert,Mountain,2025-05-06 09:48:15.976092
H-1467,T1945,Jungle,Arctic,2025-05-26 12:48:15.976109
H-1551,T1946,Desert,Mountain,2025-04-20 11:48:15.976125
H-1218,T1947,Forest,Mountain,2025-05-22 13:48:15.976142
H-1037,T1948,Jungle,Forest,2025-05-30 11:48:15.976159
H-1103,T1949,Forest,Jungle,2025-05-16 18:48:15.976176
H-1462,T1950,Mountain,Desert,2025-04-23 02:48:15.976193
H-1694,T1951,Desert,Jungle,2025-04-29 03:48:15.976209
H-1181,T1952,Arctic,Desert,2025-05-02 11:48:15.976226
H-1109,T1953,Jungle,Forest,2025-05-18 02:48:15.976242
H-1264,T1954,Mountain,Arctic,2025-05-14 03:48:15.976259
H-1667,T1955,Forest,Desert,2025-05-13 12:48:15.976277
H-1714,T1956,Jungle,Desert,2025-05-11 15:48:15.976293
H-1676,T1957,Arctic,Forest,2025-05-08 08:48:15.976310
H-1930,T1958,Arctic,Desert,2025-04-23 07:48:15.976326
H-1987,T1959,Mountain,Forest,2025-05-24 22:48:15.976343
H-1497,T1960,Jungle,Mountain,2025-05-12 21:48:15.976359
H-1031,T1961,Jungle,Forest,2025-05-23 04:48:15.976376
H-1940,T1962,Mountain,Arctic,2025-05-12 19:48:15.976394
H-1410,T1963,Mountain,Jungle,2025-04-24 07:48:15.976410
H-1089,T1964,Forest,Jungle,2025-05-21 03:48:15.976428
H-1826,T1965,Arctic,Forest,2025-05-02 21:48:15.976444
H-1952,T1966,Jungle,Mountain,2025-04-22 02:48:15.976461
H-1716,T1967,Arctic,Jungle,2025-05-30 10:48:15.976477
H-1633,T1968,Mountain,Jungle,2025-05-25 16:48:15.976494
H-1261,T1969,Arctic,Forest,2025-05-04 10:48:15.976510
H-1059,T1970,Jungle,Forest,2025-04-30 15:48:15.976527
H-1237,T1971,Mountain,Desert,2025-05-17 09:48:15.976545
H-1967,T1972,Mountain,Desert,2025-04-26 01:48:15.976561
H-1659,T1973,Desert,Mountain,2025-05-27 13:48:15.976585
H-1462,T1974,Jungle,Mountain,2025-05-30 09:48:15.976603
H-1764,T1975,Desert,Arctic,2025-05-31 04:48:15.976619
H-1971,T1976,Mountain,Jungle,2025-05-27 03:48:15.976636
H-1738,T1977,Desert,Forest,2025-05-01 15:48:15.976653
H-1218,T1978,Jungle,Desert,2025-04-27 06:48:15.976670
H-1366,T1979,Mountain,Arctic,2025-05-22 05:48:15.976687
H-1746,T1980,Jungle,Desert,2025-05-09 19:48:15.976703
H-1902,T1981,Forest,Desert,2025-05-11 23:48:15.976720
H-1733,T1982,Jungle,Forest,2025-05-16 13:48:15.976736
H-1783,T1983,Mountain,Desert,2025-05-11 08:48:15.976753
H-1502,T1984,Forest,Desert,2025-05-13 19:48:15.976770
H-1316,T1985,Mountain,Arctic,2025-04-27 07:48:15.976786
H-1170,T1986,Arctic,Mountain,2025-05-09 08:48:15.976803
H-1873,T1987,Arctic,Desert,2025-04-25 18:48:15.976819
H-1332,T1988,Forest,Jungle,2025-05-03 01:48:15.976836
H-1451,T1989,Mountain,Desert,2025-05-25 15:48:15.976853
H-1645,T1990,Jungle,Forest,2025-05-23 22:48:15.976870
H-1533,T1991,Mountain,Jungle,2025-05-16 05:48:15.976886
H-1143,T1992,Forest,Desert,2025-05-19 17:48:15.976903
H-1565,T1993,Forest,Desert,2025-04-22 17:48:15.976920
H-1110,T1994,Forest,Desert,2025-05-31 20:48:15.976937
H-1904,T1995,Mountain,Jungle,2025-04-24 16:48:15.976953
H-1734,T1996,Forest,Arctic,2025-05-02 15:48:15.976970
H-1019,T1997,Jungle,Arctic,2025-04-24 12:48:15.976987
H-1622,T1998,Mountain,Forest,2025-05-05 03:48:15.977003
H-1008,T1999,Arctic,Forest,2025-05-24 12:48:15.977020
